path,label
/mnt/c/workspace/journal/codes/mark4_refactored/data/test/dog_bark_test_001.wav,dog_bark
/mnt/c/workspace/journal/codes/mark4_refactored/data/test/dog_bark_test_002.wav,dog_bark
/mnt/c/workspace/journal/codes/mark4_refactored/data/test/dog_bark_test_003.wav,dog_bark
/mnt/c/workspace/journal/codes/mark4_refactored/data/test/dog_bark_test_004.wav,dog_bark
/mnt/c/workspace/journal/codes/mark4_refactored/data/test/dog_bark_test_005.wav,dog_bark
/mnt/c/workspace/journal/codes/mark4_refactored/data/test/dog_bark_test_006.wav,dog_bark
/mnt/c/workspace/journal/codes/mark4_refactored/data/test/dog_bark_test_007.wav,dog_bark
/mnt/c/workspace/journal/codes/mark4_refactored/data/test/dog_bark_test_008.wav,dog_bark
/mnt/c/workspace/journal/codes/mark4_refactored/data/test/dog_bark_test_009.wav,dog_bark
/mnt/c/workspace/journal/codes/mark4_refactored/data/test/dog_bark_test_010.wav,dog_bark
/mnt/c/workspace/journal/codes/mark4_refactored/data/test/dog_bark_test_011.wav,dog_bark
/mnt/c/workspace/journal/codes/mark4_refactored/data/test/dog_bark_test_012.wav,dog_bark
/mnt/c/workspace/journal/codes/mark4_refactored/data/test/dog_bark_test_013.wav,dog_bark
/mnt/c/workspace/journal/codes/mark4_refactored/data/test/dog_bark_test_014.wav,dog_bark
/mnt/c/workspace/journal/codes/mark4_refactored/data/test/dog_bark_test_015.wav,dog_bark
/mnt/c/workspace/journal/codes/mark4_refactored/data/test/dog_bark_test_016.wav,dog_bark
/mnt/c/workspace/journal/codes/mark4_refactored/data/test/dog_bark_test_017.wav,dog_bark
/mnt/c/workspace/journal/codes/mark4_refactored/data/test/dog_bark_test_018.wav,dog_bark
/mnt/c/workspace/journal/codes/mark4_refactored/data/test/dog_bark_test_019.wav,dog_bark
/mnt/c/workspace/journal/codes/mark4_refactored/data/test/dog_bark_test_020.wav,dog_bark
/mnt/c/workspace/journal/codes/mark4_refactored/data/test/dog_bark_test_021.wav,dog_bark
/mnt/c/workspace/journal/codes/mark4_refactored/data/test/dog_bark_test_022.wav,dog_bark
/mnt/c/workspace/journal/codes/mark4_refactored/data/test/dog_bark_test_023.wav,dog_bark
/mnt/c/workspace/journal/codes/mark4_refactored/data/test/dog_bark_test_024.wav,dog_bark
/mnt/c/workspace/journal/codes/mark4_refactored/data/test/dog_bark_test_025.wav,dog_bark
/mnt/c/workspace/journal/codes/mark4_refactored/data/test/dog_bark_test_026.wav,dog_bark
/mnt/c/workspace/journal/codes/mark4_refactored/data/test/dog_bark_test_027.wav,dog_bark
/mnt/c/workspace/journal/codes/mark4_refactored/data/test/dog_bark_test_028.wav,dog_bark
/mnt/c/workspace/journal/codes/mark4_refactored/data/test/dog_bark_test_029.wav,dog_bark
/mnt/c/workspace/journal/codes/mark4_refactored/data/test/dog_bark_test_030.wav,dog_bark
/mnt/c/workspace/journal/codes/mark4_refactored/data/test/dog_bark_test_031.wav,dog_bark
/mnt/c/workspace/journal/codes/mark4_refactored/data/test/dog_bark_test_032.wav,dog_bark
/mnt/c/workspace/journal/codes/mark4_refactored/data/test/dog_bark_test_033.wav,dog_bark
/mnt/c/workspace/journal/codes/mark4_refactored/data/test/dog_bark_test_034.wav,dog_bark
/mnt/c/workspace/journal/codes/mark4_refactored/data/test/dog_bark_test_035.wav,dog_bark
/mnt/c/workspace/journal/codes/mark4_refactored/data/test/dog_bark_test_036.wav,dog_bark
/mnt/c/workspace/journal/codes/mark4_refactored/data/test/dog_bark_test_037.wav,dog_bark
/mnt/c/workspace/journal/codes/mark4_refactored/data/test/dog_bark_test_038.wav,dog_bark
/mnt/c/workspace/journal/codes/mark4_refactored/data/test/dog_bark_test_039.wav,dog_bark
/mnt/c/workspace/journal/codes/mark4_refactored/data/test/dog_bark_test_040.wav,dog_bark
/mnt/c/workspace/journal/codes/mark4_refactored/data/test/dog_bark_test_041.wav,dog_bark
/mnt/c/workspace/journal/codes/mark4_refactored/data/test/dog_bark_test_042.wav,dog_bark
/mnt/c/workspace/journal/codes/mark4_refactored/data/test/dog_bark_test_043.wav,dog_bark
/mnt/c/workspace/journal/codes/mark4_refactored/data/test/dog_bark_test_044.wav,dog_bark
/mnt/c/workspace/journal/codes/mark4_refactored/data/test/dog_bark_test_045.wav,dog_bark
/mnt/c/workspace/journal/codes/mark4_refactored/data/test/dog_bark_test_046.wav,dog_bark
/mnt/c/workspace/journal/codes/mark4_refactored/data/test/dog_bark_test_047.wav,dog_bark
/mnt/c/workspace/journal/codes/mark4_refactored/data/test/dog_bark_test_048.wav,dog_bark
/mnt/c/workspace/journal/codes/mark4_refactored/data/test/dog_bark_test_049.wav,dog_bark
/mnt/c/workspace/journal/codes/mark4_refactored/data/test/dog_bark_test_050.wav,dog_bark
/mnt/c/workspace/journal/codes/mark4_refactored/data/test/dog_bark_test_051.wav,dog_bark
/mnt/c/workspace/journal/codes/mark4_refactored/data/test/dog_bark_test_052.wav,dog_bark
/mnt/c/workspace/journal/codes/mark4_refactored/data/test/dog_bark_test_053.wav,dog_bark
/mnt/c/workspace/journal/codes/mark4_refactored/data/test/dog_bark_test_054.wav,dog_bark
/mnt/c/workspace/journal/codes/mark4_refactored/data/test/dog_bark_test_055.wav,dog_bark
/mnt/c/workspace/journal/codes/mark4_refactored/data/test/dog_bark_test_056.wav,dog_bark
/mnt/c/workspace/journal/codes/mark4_refactored/data/test/dog_bark_test_057.wav,dog_bark
/mnt/c/workspace/journal/codes/mark4_refactored/data/test/dog_bark_test_058.wav,dog_bark
/mnt/c/workspace/journal/codes/mark4_refactored/data/test/dog_bark_test_059.wav,dog_bark
/mnt/c/workspace/journal/codes/mark4_refactored/data/test/dog_bark_test_060.wav,dog_bark
/mnt/c/workspace/journal/codes/mark4_refactored/data/test/dog_bark_test_061.wav,dog_bark
/mnt/c/workspace/journal/codes/mark4_refactored/data/test/dog_bark_test_062.wav,dog_bark
/mnt/c/workspace/journal/codes/mark4_refactored/data/test/dog_bark_test_063.wav,dog_bark
/mnt/c/workspace/journal/codes/mark4_refactored/data/test/dog_bark_test_064.wav,dog_bark
/mnt/c/workspace/journal/codes/mark4_refactored/data/test/dog_bark_test_065.wav,dog_bark
/mnt/c/workspace/journal/codes/mark4_refactored/data/test/dog_bark_test_066.wav,dog_bark
/mnt/c/workspace/journal/codes/mark4_refactored/data/test/dog_bark_test_067.wav,dog_bark
/mnt/c/workspace/journal/codes/mark4_refactored/data/test/dog_bark_test_068.wav,dog_bark
/mnt/c/workspace/journal/codes/mark4_refactored/data/test/dog_bark_test_069.wav,dog_bark
/mnt/c/workspace/journal/codes/mark4_refactored/data/test/dog_bark_test_070.wav,dog_bark
/mnt/c/workspace/journal/codes/mark4_refactored/data/test/dog_bark_test_071.wav,dog_bark
/mnt/c/workspace/journal/codes/mark4_refactored/data/test/dog_bark_test_072.wav,dog_bark
/mnt/c/workspace/journal/codes/mark4_refactored/data/test/dog_bark_test_073.wav,dog_bark
/mnt/c/workspace/journal/codes/mark4_refactored/data/test/dog_bark_test_074.wav,dog_bark
/mnt/c/workspace/journal/codes/mark4_refactored/data/test/dog_bark_test_075.wav,dog_bark
/mnt/c/workspace/journal/codes/mark4_refactored/data/test/dog_bark_test_076.wav,dog_bark
/mnt/c/workspace/journal/codes/mark4_refactored/data/test/dog_bark_test_077.wav,dog_bark
/mnt/c/workspace/journal/codes/mark4_refactored/data/test/dog_bark_test_078.wav,dog_bark
/mnt/c/workspace/journal/codes/mark4_refactored/data/test/dog_bark_test_079.wav,dog_bark
/mnt/c/workspace/journal/codes/mark4_refactored/data/test/dog_bark_test_080.wav,dog_bark
/mnt/c/workspace/journal/codes/mark4_refactored/data/test/dog_bark_test_081.wav,dog_bark
/mnt/c/workspace/journal/codes/mark4_refactored/data/test/dog_bark_test_082.wav,dog_bark
/mnt/c/workspace/journal/codes/mark4_refactored/data/test/dog_bark_test_083.wav,dog_bark
/mnt/c/workspace/journal/codes/mark4_refactored/data/test/dog_bark_test_084.wav,dog_bark
/mnt/c/workspace/journal/codes/mark4_refactored/data/test/dog_bark_test_085.wav,dog_bark
/mnt/c/workspace/journal/codes/mark4_refactored/data/test/dog_bark_test_086.wav,dog_bark
/mnt/c/workspace/journal/codes/mark4_refactored/data/test/dog_bark_test_087.wav,dog_bark
/mnt/c/workspace/journal/codes/mark4_refactored/data/test/dog_bark_test_088.wav,dog_bark
/mnt/c/workspace/journal/codes/mark4_refactored/data/test/dog_bark_test_089.wav,dog_bark
/mnt/c/workspace/journal/codes/mark4_refactored/data/test/dog_bark_test_090.wav,dog_bark
/mnt/c/workspace/journal/codes/mark4_refactored/data/test/dog_bark_test_091.wav,dog_bark
/mnt/c/workspace/journal/codes/mark4_refactored/data/test/dog_bark_test_092.wav,dog_bark
/mnt/c/workspace/journal/codes/mark4_refactored/data/test/dog_bark_test_093.wav,dog_bark
/mnt/c/workspace/journal/codes/mark4_refactored/data/test/dog_bark_test_094.wav,dog_bark
/mnt/c/workspace/journal/codes/mark4_refactored/data/test/dog_bark_test_095.wav,dog_bark
/mnt/c/workspace/journal/codes/mark4_refactored/data/test/dog_bark_test_096.wav,dog_bark
/mnt/c/workspace/journal/codes/mark4_refactored/data/test/dog_bark_test_097.wav,dog_bark
/mnt/c/workspace/journal/codes/mark4_refactored/data/test/dog_bark_test_098.wav,dog_bark
/mnt/c/workspace/journal/codes/mark4_refactored/data/test/dog_bark_test_099.wav,dog_bark
/mnt/c/workspace/journal/codes/mark4_refactored/data/test/dog_bark_test_100.wav,dog_bark
/mnt/c/workspace/journal/codes/mark4_refactored/data/test/dog_bark_test_101.wav,dog_bark
/mnt/c/workspace/journal/codes/mark4_refactored/data/test/dog_bark_test_102.wav,dog_bark
/mnt/c/workspace/journal/codes/mark4_refactored/data/test/dog_bark_test_103.wav,dog_bark
/mnt/c/workspace/journal/codes/mark4_refactored/data/test/dog_bark_test_104.wav,dog_bark
/mnt/c/workspace/journal/codes/mark4_refactored/data/test/dog_bark_test_105.wav,dog_bark
/mnt/c/workspace/journal/codes/mark4_refactored/data/test/dog_bark_test_106.wav,dog_bark
/mnt/c/workspace/journal/codes/mark4_refactored/data/test/dog_bark_test_107.wav,dog_bark
/mnt/c/workspace/journal/codes/mark4_refactored/data/test/dog_bark_test_108.wav,dog_bark
/mnt/c/workspace/journal/codes/mark4_refactored/data/test/dog_bark_test_109.wav,dog_bark
/mnt/c/workspace/journal/codes/mark4_refactored/data/test/dog_bark_test_110.wav,dog_bark
/mnt/c/workspace/journal/codes/mark4_refactored/data/test/dog_bark_test_111.wav,dog_bark
/mnt/c/workspace/journal/codes/mark4_refactored/data/test/dog_bark_test_112.wav,dog_bark
/mnt/c/workspace/journal/codes/mark4_refactored/data/test/dog_bark_test_113.wav,dog_bark
/mnt/c/workspace/journal/codes/mark4_refactored/data/test/dog_bark_test_114.wav,dog_bark
/mnt/c/workspace/journal/codes/mark4_refactored/data/test/dog_bark_test_115.wav,dog_bark
/mnt/c/workspace/journal/codes/mark4_refactored/data/test/dog_bark_test_116.wav,dog_bark
/mnt/c/workspace/journal/codes/mark4_refactored/data/test/dog_bark_test_117.wav,dog_bark
/mnt/c/workspace/journal/codes/mark4_refactored/data/test/dog_bark_test_118.wav,dog_bark
/mnt/c/workspace/journal/codes/mark4_refactored/data/test/dog_bark_test_119.wav,dog_bark
/mnt/c/workspace/journal/codes/mark4_refactored/data/test/dog_bark_test_120.wav,dog_bark
/mnt/c/workspace/journal/codes/mark4_refactored/data/test/dog_bark_test_121.wav,dog_bark
/mnt/c/workspace/journal/codes/mark4_refactored/data/test/dog_bark_test_122.wav,dog_bark
/mnt/c/workspace/journal/codes/mark4_refactored/data/test/dog_bark_test_123.wav,dog_bark
/mnt/c/workspace/journal/codes/mark4_refactored/data/test/dog_bark_test_124.wav,dog_bark
/mnt/c/workspace/journal/codes/mark4_refactored/data/test/dog_bark_test_125.wav,dog_bark
/mnt/c/workspace/journal/codes/mark4_refactored/data/test/dog_bark_test_126.wav,dog_bark
/mnt/c/workspace/journal/codes/mark4_refactored/data/test/dog_bark_test_127.wav,dog_bark
/mnt/c/workspace/journal/codes/mark4_refactored/data/test/dog_bark_test_128.wav,dog_bark
/mnt/c/workspace/journal/codes/mark4_refactored/data/test/dog_bark_test_129.wav,dog_bark
/mnt/c/workspace/journal/codes/mark4_refactored/data/test/dog_bark_test_130.wav,dog_bark
/mnt/c/workspace/journal/codes/mark4_refactored/data/test/dog_bark_test_131.wav,dog_bark
/mnt/c/workspace/journal/codes/mark4_refactored/data/test/dog_bark_test_132.wav,dog_bark
/mnt/c/workspace/journal/codes/mark4_refactored/data/test/dog_bark_test_133.wav,dog_bark
/mnt/c/workspace/journal/codes/mark4_refactored/data/test/dog_bark_test_134.wav,dog_bark
/mnt/c/workspace/journal/codes/mark4_refactored/data/test/dog_bark_test_135.wav,dog_bark
/mnt/c/workspace/journal/codes/mark4_refactored/data/test/dog_bark_test_136.wav,dog_bark
/mnt/c/workspace/journal/codes/mark4_refactored/data/test/dog_bark_test_137.wav,dog_bark
/mnt/c/workspace/journal/codes/mark4_refactored/data/test/dog_bark_test_138.wav,dog_bark
/mnt/c/workspace/journal/codes/mark4_refactored/data/test/dog_bark_test_139.wav,dog_bark
/mnt/c/workspace/journal/codes/mark4_refactored/data/test/dog_bark_test_140.wav,dog_bark
/mnt/c/workspace/journal/codes/mark4_refactored/data/test/dog_bark_test_141.wav,dog_bark
/mnt/c/workspace/journal/codes/mark4_refactored/data/test/dog_bark_test_142.wav,dog_bark
/mnt/c/workspace/journal/codes/mark4_refactored/data/test/dog_bark_test_143.wav,dog_bark
/mnt/c/workspace/journal/codes/mark4_refactored/data/test/dog_bark_test_144.wav,dog_bark
/mnt/c/workspace/journal/codes/mark4_refactored/data/test/dog_bark_test_145.wav,dog_bark
/mnt/c/workspace/journal/codes/mark4_refactored/data/test/dog_bark_test_146.wav,dog_bark
/mnt/c/workspace/journal/codes/mark4_refactored/data/test/dog_bark_test_147.wav,dog_bark
/mnt/c/workspace/journal/codes/mark4_refactored/data/test/dog_bark_test_148.wav,dog_bark
/mnt/c/workspace/journal/codes/mark4_refactored/data/test/dog_bark_test_149.wav,dog_bark
/mnt/c/workspace/journal/codes/mark4_refactored/data/test/dog_bark_test_150.wav,dog_bark
/mnt/c/workspace/journal/codes/mark4_refactored/data/test/dog_bark_test_151.wav,dog_bark
/mnt/c/workspace/journal/codes/mark4_refactored/data/test/dog_bark_test_152.wav,dog_bark
/mnt/c/workspace/journal/codes/mark4_refactored/data/test/dog_bark_test_153.wav,dog_bark
/mnt/c/workspace/journal/codes/mark4_refactored/data/test/dog_bark_test_154.wav,dog_bark
/mnt/c/workspace/journal/codes/mark4_refactored/data/test/dog_bark_test_155.wav,dog_bark
/mnt/c/workspace/journal/codes/mark4_refactored/data/test/dog_bark_test_156.wav,dog_bark
/mnt/c/workspace/journal/codes/mark4_refactored/data/test/dog_bark_test_157.wav,dog_bark
/mnt/c/workspace/journal/codes/mark4_refactored/data/test/dog_bark_test_158.wav,dog_bark
/mnt/c/workspace/journal/codes/mark4_refactored/data/test/dog_bark_test_159.wav,dog_bark
/mnt/c/workspace/journal/codes/mark4_refactored/data/test/dog_bark_test_160.wav,dog_bark
/mnt/c/workspace/journal/codes/mark4_refactored/data/test/dog_bark_test_161.wav,dog_bark
/mnt/c/workspace/journal/codes/mark4_refactored/data/test/dog_bark_test_162.wav,dog_bark
/mnt/c/workspace/journal/codes/mark4_refactored/data/test/dog_bark_test_163.wav,dog_bark
/mnt/c/workspace/journal/codes/mark4_refactored/data/test/dog_bark_test_164.wav,dog_bark
/mnt/c/workspace/journal/codes/mark4_refactored/data/test/dog_bark_test_165.wav,dog_bark
/mnt/c/workspace/journal/codes/mark4_refactored/data/test/dog_bark_test_166.wav,dog_bark
/mnt/c/workspace/journal/codes/mark4_refactored/data/test/dog_bark_test_167.wav,dog_bark
/mnt/c/workspace/journal/codes/mark4_refactored/data/test/dog_bark_test_168.wav,dog_bark
/mnt/c/workspace/journal/codes/mark4_refactored/data/test/dog_bark_test_169.wav,dog_bark
/mnt/c/workspace/journal/codes/mark4_refactored/data/test/dog_bark_test_170.wav,dog_bark
/mnt/c/workspace/journal/codes/mark4_refactored/data/test/dog_bark_test_171.wav,dog_bark
/mnt/c/workspace/journal/codes/mark4_refactored/data/test/dog_bark_test_172.wav,dog_bark
/mnt/c/workspace/journal/codes/mark4_refactored/data/test/dog_bark_test_173.wav,dog_bark
/mnt/c/workspace/journal/codes/mark4_refactored/data/test/dog_bark_test_174.wav,dog_bark
/mnt/c/workspace/journal/codes/mark4_refactored/data/test/dog_bark_test_175.wav,dog_bark
/mnt/c/workspace/journal/codes/mark4_refactored/data/test/dog_bark_test_176.wav,dog_bark
/mnt/c/workspace/journal/codes/mark4_refactored/data/test/dog_bark_test_177.wav,dog_bark
/mnt/c/workspace/journal/codes/mark4_refactored/data/test/dog_bark_test_178.wav,dog_bark
/mnt/c/workspace/journal/codes/mark4_refactored/data/test/dog_bark_test_179.wav,dog_bark
/mnt/c/workspace/journal/codes/mark4_refactored/data/test/dog_bark_test_180.wav,dog_bark
/mnt/c/workspace/journal/codes/mark4_refactored/data/test/dog_bark_test_181.wav,dog_bark
/mnt/c/workspace/journal/codes/mark4_refactored/data/test/dog_bark_test_182.wav,dog_bark
/mnt/c/workspace/journal/codes/mark4_refactored/data/test/dog_bark_test_183.wav,dog_bark
/mnt/c/workspace/journal/codes/mark4_refactored/data/test/dog_bark_test_184.wav,dog_bark
/mnt/c/workspace/journal/codes/mark4_refactored/data/test/dog_bark_test_185.wav,dog_bark
/mnt/c/workspace/journal/codes/mark4_refactored/data/test/dog_bark_test_186.wav,dog_bark
/mnt/c/workspace/journal/codes/mark4_refactored/data/test/dog_bark_test_187.wav,dog_bark
/mnt/c/workspace/journal/codes/mark4_refactored/data/test/dog_bark_test_188.wav,dog_bark
/mnt/c/workspace/journal/codes/mark4_refactored/data/test/dog_bark_test_189.wav,dog_bark
/mnt/c/workspace/journal/codes/mark4_refactored/data/test/dog_bark_test_190.wav,dog_bark
/mnt/c/workspace/journal/codes/mark4_refactored/data/test/dog_bark_test_191.wav,dog_bark
/mnt/c/workspace/journal/codes/mark4_refactored/data/test/dog_bark_test_192.wav,dog_bark
/mnt/c/workspace/journal/codes/mark4_refactored/data/test/dog_bark_test_193.wav,dog_bark
/mnt/c/workspace/journal/codes/mark4_refactored/data/test/dog_bark_test_194.wav,dog_bark
/mnt/c/workspace/journal/codes/mark4_refactored/data/test/dog_bark_test_195.wav,dog_bark
/mnt/c/workspace/journal/codes/mark4_refactored/data/test/dog_bark_test_196.wav,dog_bark
/mnt/c/workspace/journal/codes/mark4_refactored/data/test/dog_bark_test_197.wav,dog_bark
/mnt/c/workspace/journal/codes/mark4_refactored/data/test/dog_bark_test_198.wav,dog_bark
/mnt/c/workspace/journal/codes/mark4_refactored/data/test/dog_bark_test_199.wav,dog_bark
/mnt/c/workspace/journal/codes/mark4_refactored/data/test/dog_bark_test_200.wav,dog_bark
/mnt/c/workspace/journal/codes/mark4_refactored/data/test/dog_bark_test_201.wav,dog_bark
/mnt/c/workspace/journal/codes/mark4_refactored/data/test/dog_bark_test_202.wav,dog_bark
/mnt/c/workspace/journal/codes/mark4_refactored/data/test/dog_bark_test_203.wav,dog_bark
/mnt/c/workspace/journal/codes/mark4_refactored/data/test/dog_bark_test_204.wav,dog_bark
/mnt/c/workspace/journal/codes/mark4_refactored/data/test/dog_bark_test_205.wav,dog_bark
/mnt/c/workspace/journal/codes/mark4_refactored/data/test/dog_bark_test_206.wav,dog_bark
/mnt/c/workspace/journal/codes/mark4_refactored/data/test/dog_bark_test_207.wav,dog_bark
/mnt/c/workspace/journal/codes/mark4_refactored/data/test/dog_bark_test_208.wav,dog_bark
/mnt/c/workspace/journal/codes/mark4_refactored/data/test/dog_bark_test_209.wav,dog_bark
/mnt/c/workspace/journal/codes/mark4_refactored/data/test/dog_bark_test_210.wav,dog_bark
/mnt/c/workspace/journal/codes/mark4_refactored/data/test/dog_bark_test_211.wav,dog_bark
/mnt/c/workspace/journal/codes/mark4_refactored/data/test/dog_bark_test_212.wav,dog_bark
/mnt/c/workspace/journal/codes/mark4_refactored/data/test/dog_bark_test_213.wav,dog_bark
/mnt/c/workspace/journal/codes/mark4_refactored/data/test/dog_bark_test_214.wav,dog_bark
/mnt/c/workspace/journal/codes/mark4_refactored/data/test/dog_bark_test_215.wav,dog_bark
/mnt/c/workspace/journal/codes/mark4_refactored/data/test/others_test_001.wav,others
/mnt/c/workspace/journal/codes/mark4_refactored/data/test/others_test_002.wav,others
/mnt/c/workspace/journal/codes/mark4_refactored/data/test/others_test_003.wav,others
/mnt/c/workspace/journal/codes/mark4_refactored/data/test/others_test_004.wav,others
/mnt/c/workspace/journal/codes/mark4_refactored/data/test/others_test_005.wav,others
/mnt/c/workspace/journal/codes/mark4_refactored/data/test/others_test_006.wav,others
/mnt/c/workspace/journal/codes/mark4_refactored/data/test/others_test_007.wav,others
/mnt/c/workspace/journal/codes/mark4_refactored/data/test/others_test_008.wav,others
/mnt/c/workspace/journal/codes/mark4_refactored/data/test/others_test_009.wav,others
/mnt/c/workspace/journal/codes/mark4_refactored/data/test/others_test_010.wav,others
/mnt/c/workspace/journal/codes/mark4_refactored/data/test/others_test_011.wav,others
/mnt/c/workspace/journal/codes/mark4_refactored/data/test/others_test_012.wav,others
/mnt/c/workspace/journal/codes/mark4_refactored/data/test/others_test_013.wav,others
/mnt/c/workspace/journal/codes/mark4_refactored/data/test/others_test_014.wav,others
/mnt/c/workspace/journal/codes/mark4_refactored/data/test/others_test_015.wav,others
/mnt/c/workspace/journal/codes/mark4_refactored/data/test/others_test_016.wav,others
/mnt/c/workspace/journal/codes/mark4_refactored/data/test/others_test_017.wav,others
/mnt/c/workspace/journal/codes/mark4_refactored/data/test/others_test_018.wav,others
/mnt/c/workspace/journal/codes/mark4_refactored/data/test/others_test_019.wav,others
/mnt/c/workspace/journal/codes/mark4_refactored/data/test/others_test_020.wav,others
/mnt/c/workspace/journal/codes/mark4_refactored/data/test/others_test_021.wav,others
/mnt/c/workspace/journal/codes/mark4_refactored/data/test/others_test_022.wav,others
/mnt/c/workspace/journal/codes/mark4_refactored/data/test/others_test_023.wav,others
/mnt/c/workspace/journal/codes/mark4_refactored/data/test/others_test_024.wav,others
/mnt/c/workspace/journal/codes/mark4_refactored/data/test/others_test_025.wav,others
/mnt/c/workspace/journal/codes/mark4_refactored/data/test/others_test_026.wav,others
/mnt/c/workspace/journal/codes/mark4_refactored/data/test/others_test_027.wav,others
/mnt/c/workspace/journal/codes/mark4_refactored/data/test/others_test_028.wav,others
/mnt/c/workspace/journal/codes/mark4_refactored/data/test/others_test_029.wav,others
/mnt/c/workspace/journal/codes/mark4_refactored/data/test/others_test_030.wav,others
/mnt/c/workspace/journal/codes/mark4_refactored/data/test/others_test_031.wav,others
/mnt/c/workspace/journal/codes/mark4_refactored/data/test/others_test_032.wav,others
/mnt/c/workspace/journal/codes/mark4_refactored/data/test/others_test_033.wav,others
/mnt/c/workspace/journal/codes/mark4_refactored/data/test/others_test_034.wav,others
/mnt/c/workspace/journal/codes/mark4_refactored/data/test/others_test_035.wav,others
/mnt/c/workspace/journal/codes/mark4_refactored/data/test/others_test_036.wav,others
/mnt/c/workspace/journal/codes/mark4_refactored/data/test/others_test_037.wav,others
/mnt/c/workspace/journal/codes/mark4_refactored/data/test/others_test_038.wav,others
/mnt/c/workspace/journal/codes/mark4_refactored/data/test/others_test_039.wav,others
/mnt/c/workspace/journal/codes/mark4_refactored/data/test/others_test_040.wav,others
/mnt/c/workspace/journal/codes/mark4_refactored/data/test/others_test_041.wav,others
/mnt/c/workspace/journal/codes/mark4_refactored/data/test/others_test_042.wav,others
/mnt/c/workspace/journal/codes/mark4_refactored/data/test/others_test_043.wav,others
/mnt/c/workspace/journal/codes/mark4_refactored/data/test/others_test_044.wav,others
/mnt/c/workspace/journal/codes/mark4_refactored/data/test/others_test_045.wav,others
/mnt/c/workspace/journal/codes/mark4_refactored/data/test/others_test_046.wav,others
/mnt/c/workspace/journal/codes/mark4_refactored/data/test/others_test_047.wav,others
/mnt/c/workspace/journal/codes/mark4_refactored/data/test/others_test_048.wav,others
/mnt/c/workspace/journal/codes/mark4_refactored/data/test/others_test_049.wav,others
/mnt/c/workspace/journal/codes/mark4_refactored/data/test/others_test_050.wav,others
/mnt/c/workspace/journal/codes/mark4_refactored/data/test/others_test_051.wav,others
/mnt/c/workspace/journal/codes/mark4_refactored/data/test/others_test_052.wav,others
/mnt/c/workspace/journal/codes/mark4_refactored/data/test/others_test_053.wav,others
/mnt/c/workspace/journal/codes/mark4_refactored/data/test/others_test_054.wav,others
/mnt/c/workspace/journal/codes/mark4_refactored/data/test/others_test_055.wav,others
/mnt/c/workspace/journal/codes/mark4_refactored/data/test/others_test_056.wav,others
/mnt/c/workspace/journal/codes/mark4_refactored/data/test/others_test_057.wav,others
/mnt/c/workspace/journal/codes/mark4_refactored/data/test/others_test_058.wav,others
/mnt/c/workspace/journal/codes/mark4_refactored/data/test/others_test_059.wav,others
/mnt/c/workspace/journal/codes/mark4_refactored/data/test/others_test_060.wav,others
/mnt/c/workspace/journal/codes/mark4_refactored/data/test/others_test_061.wav,others
/mnt/c/workspace/journal/codes/mark4_refactored/data/test/others_test_062.wav,others
/mnt/c/workspace/journal/codes/mark4_refactored/data/test/others_test_063.wav,others
/mnt/c/workspace/journal/codes/mark4_refactored/data/test/others_test_064.wav,others
/mnt/c/workspace/journal/codes/mark4_refactored/data/test/others_test_065.wav,others
/mnt/c/workspace/journal/codes/mark4_refactored/data/test/others_test_066.wav,others
/mnt/c/workspace/journal/codes/mark4_refactored/data/test/others_test_067.wav,others
/mnt/c/workspace/journal/codes/mark4_refactored/data/test/others_test_068.wav,others
/mnt/c/workspace/journal/codes/mark4_refactored/data/test/others_test_069.wav,others
/mnt/c/workspace/journal/codes/mark4_refactored/data/test/others_test_070.wav,others
/mnt/c/workspace/journal/codes/mark4_refactored/data/test/others_test_071.wav,others
/mnt/c/workspace/journal/codes/mark4_refactored/data/test/others_test_072.wav,others
/mnt/c/workspace/journal/codes/mark4_refactored/data/test/others_test_073.wav,others
/mnt/c/workspace/journal/codes/mark4_refactored/data/test/others_test_074.wav,others
/mnt/c/workspace/journal/codes/mark4_refactored/data/test/others_test_075.wav,others
/mnt/c/workspace/journal/codes/mark4_refactored/data/test/others_test_076.wav,others
/mnt/c/workspace/journal/codes/mark4_refactored/data/test/others_test_077.wav,others
/mnt/c/workspace/journal/codes/mark4_refactored/data/test/others_test_078.wav,others
/mnt/c/workspace/journal/codes/mark4_refactored/data/test/others_test_079.wav,others
/mnt/c/workspace/journal/codes/mark4_refactored/data/test/others_test_080.wav,others
/mnt/c/workspace/journal/codes/mark4_refactored/data/test/others_test_081.wav,others
/mnt/c/workspace/journal/codes/mark4_refactored/data/test/others_test_082.wav,others
/mnt/c/workspace/journal/codes/mark4_refactored/data/test/others_test_083.wav,others
/mnt/c/workspace/journal/codes/mark4_refactored/data/test/others_test_084.wav,others
/mnt/c/workspace/journal/codes/mark4_refactored/data/test/others_test_085.wav,others
/mnt/c/workspace/journal/codes/mark4_refactored/data/test/others_test_086.wav,others
/mnt/c/workspace/journal/codes/mark4_refactored/data/test/others_test_087.wav,others
/mnt/c/workspace/journal/codes/mark4_refactored/data/test/others_test_088.wav,others
/mnt/c/workspace/journal/codes/mark4_refactored/data/test/others_test_089.wav,others
/mnt/c/workspace/journal/codes/mark4_refactored/data/test/others_test_090.wav,others
/mnt/c/workspace/journal/codes/mark4_refactored/data/test/others_test_091.wav,others
/mnt/c/workspace/journal/codes/mark4_refactored/data/test/others_test_092.wav,others
/mnt/c/workspace/journal/codes/mark4_refactored/data/test/others_test_093.wav,others
/mnt/c/workspace/journal/codes/mark4_refactored/data/test/others_test_094.wav,others
/mnt/c/workspace/journal/codes/mark4_refactored/data/test/others_test_095.wav,others
/mnt/c/workspace/journal/codes/mark4_refactored/data/test/others_test_096.wav,others
/mnt/c/workspace/journal/codes/mark4_refactored/data/test/others_test_097.wav,others
/mnt/c/workspace/journal/codes/mark4_refactored/data/test/others_test_098.wav,others
/mnt/c/workspace/journal/codes/mark4_refactored/data/test/others_test_099.wav,others
/mnt/c/workspace/journal/codes/mark4_refactored/data/test/others_test_100.wav,others
/mnt/c/workspace/journal/codes/mark4_refactored/data/test/others_test_101.wav,others
/mnt/c/workspace/journal/codes/mark4_refactored/data/test/others_test_102.wav,others
/mnt/c/workspace/journal/codes/mark4_refactored/data/test/others_test_103.wav,others
/mnt/c/workspace/journal/codes/mark4_refactored/data/test/others_test_104.wav,others
/mnt/c/workspace/journal/codes/mark4_refactored/data/test/others_test_105.wav,others
/mnt/c/workspace/journal/codes/mark4_refactored/data/test/others_test_106.wav,others
/mnt/c/workspace/journal/codes/mark4_refactored/data/test/others_test_107.wav,others
/mnt/c/workspace/journal/codes/mark4_refactored/data/test/others_test_108.wav,others
/mnt/c/workspace/journal/codes/mark4_refactored/data/test/others_test_109.wav,others
/mnt/c/workspace/journal/codes/mark4_refactored/data/test/others_test_110.wav,others
/mnt/c/workspace/journal/codes/mark4_refactored/data/test/others_test_111.wav,others
/mnt/c/workspace/journal/codes/mark4_refactored/data/test/others_test_112.wav,others
/mnt/c/workspace/journal/codes/mark4_refactored/data/test/others_test_113.wav,others
/mnt/c/workspace/journal/codes/mark4_refactored/data/test/others_test_114.wav,others
/mnt/c/workspace/journal/codes/mark4_refactored/data/test/others_test_115.wav,others
/mnt/c/workspace/journal/codes/mark4_refactored/data/test/others_test_116.wav,others
/mnt/c/workspace/journal/codes/mark4_refactored/data/test/others_test_117.wav,others
/mnt/c/workspace/journal/codes/mark4_refactored/data/test/others_test_118.wav,others
/mnt/c/workspace/journal/codes/mark4_refactored/data/test/others_test_119.wav,others
/mnt/c/workspace/journal/codes/mark4_refactored/data/test/others_test_120.wav,others
/mnt/c/workspace/journal/codes/mark4_refactored/data/test/others_test_121.wav,others
/mnt/c/workspace/journal/codes/mark4_refactored/data/test/others_test_122.wav,others
/mnt/c/workspace/journal/codes/mark4_refactored/data/test/others_test_123.wav,others
/mnt/c/workspace/journal/codes/mark4_refactored/data/test/others_test_124.wav,others
/mnt/c/workspace/journal/codes/mark4_refactored/data/test/others_test_125.wav,others
/mnt/c/workspace/journal/codes/mark4_refactored/data/test/others_test_126.wav,others
/mnt/c/workspace/journal/codes/mark4_refactored/data/test/others_test_127.wav,others
/mnt/c/workspace/journal/codes/mark4_refactored/data/test/others_test_128.wav,others
/mnt/c/workspace/journal/codes/mark4_refactored/data/test/others_test_129.wav,others
/mnt/c/workspace/journal/codes/mark4_refactored/data/test/others_test_130.wav,others
/mnt/c/workspace/journal/codes/mark4_refactored/data/test/others_test_131.wav,others
/mnt/c/workspace/journal/codes/mark4_refactored/data/test/others_test_132.wav,others
/mnt/c/workspace/journal/codes/mark4_refactored/data/test/others_test_133.wav,others
/mnt/c/workspace/journal/codes/mark4_refactored/data/test/others_test_134.wav,others
/mnt/c/workspace/journal/codes/mark4_refactored/data/test/others_test_135.wav,others
/mnt/c/workspace/journal/codes/mark4_refactored/data/test/others_test_136.wav,others
/mnt/c/workspace/journal/codes/mark4_refactored/data/test/others_test_137.wav,others
/mnt/c/workspace/journal/codes/mark4_refactored/data/test/others_test_138.wav,others
/mnt/c/workspace/journal/codes/mark4_refactored/data/test/others_test_139.wav,others
/mnt/c/workspace/journal/codes/mark4_refactored/data/test/others_test_140.wav,others
/mnt/c/workspace/journal/codes/mark4_refactored/data/test/others_test_141.wav,others
/mnt/c/workspace/journal/codes/mark4_refactored/data/test/others_test_142.wav,others
/mnt/c/workspace/journal/codes/mark4_refactored/data/test/others_test_143.wav,others
/mnt/c/workspace/journal/codes/mark4_refactored/data/test/others_test_144.wav,others
/mnt/c/workspace/journal/codes/mark4_refactored/data/test/others_test_145.wav,others
/mnt/c/workspace/journal/codes/mark4_refactored/data/test/others_test_146.wav,others
/mnt/c/workspace/journal/codes/mark4_refactored/data/test/others_test_147.wav,others
/mnt/c/workspace/journal/codes/mark4_refactored/data/test/others_test_148.wav,others
/mnt/c/workspace/journal/codes/mark4_refactored/data/test/others_test_149.wav,others
/mnt/c/workspace/journal/codes/mark4_refactored/data/test/others_test_150.wav,others
/mnt/c/workspace/journal/codes/mark4_refactored/data/test/others_test_151.wav,others
/mnt/c/workspace/journal/codes/mark4_refactored/data/test/others_test_152.wav,others
/mnt/c/workspace/journal/codes/mark4_refactored/data/test/others_test_153.wav,others
/mnt/c/workspace/journal/codes/mark4_refactored/data/test/others_test_154.wav,others
/mnt/c/workspace/journal/codes/mark4_refactored/data/test/others_test_155.wav,others
/mnt/c/workspace/journal/codes/mark4_refactored/data/test/others_test_156.wav,others
/mnt/c/workspace/journal/codes/mark4_refactored/data/test/others_test_157.wav,others
/mnt/c/workspace/journal/codes/mark4_refactored/data/test/others_test_158.wav,others
/mnt/c/workspace/journal/codes/mark4_refactored/data/test/others_test_159.wav,others
/mnt/c/workspace/journal/codes/mark4_refactored/data/test/others_test_160.wav,others
/mnt/c/workspace/journal/codes/mark4_refactored/data/test/others_test_161.wav,others
/mnt/c/workspace/journal/codes/mark4_refactored/data/test/others_test_162.wav,others
/mnt/c/workspace/journal/codes/mark4_refactored/data/test/others_test_163.wav,others
/mnt/c/workspace/journal/codes/mark4_refactored/data/test/others_test_164.wav,others
/mnt/c/workspace/journal/codes/mark4_refactored/data/test/others_test_165.wav,others
/mnt/c/workspace/journal/codes/mark4_refactored/data/test/others_test_166.wav,others
/mnt/c/workspace/journal/codes/mark4_refactored/data/test/others_test_167.wav,others
/mnt/c/workspace/journal/codes/mark4_refactored/data/test/others_test_168.wav,others
/mnt/c/workspace/journal/codes/mark4_refactored/data/test/others_test_169.wav,others
/mnt/c/workspace/journal/codes/mark4_refactored/data/test/others_test_170.wav,others
/mnt/c/workspace/journal/codes/mark4_refactored/data/test/others_test_171.wav,others
/mnt/c/workspace/journal/codes/mark4_refactored/data/test/others_test_172.wav,others
/mnt/c/workspace/journal/codes/mark4_refactored/data/test/others_test_173.wav,others
/mnt/c/workspace/journal/codes/mark4_refactored/data/test/others_test_174.wav,others
/mnt/c/workspace/journal/codes/mark4_refactored/data/test/others_test_175.wav,others
/mnt/c/workspace/journal/codes/mark4_refactored/data/test/others_test_176.wav,others
/mnt/c/workspace/journal/codes/mark4_refactored/data/test/others_test_177.wav,others
/mnt/c/workspace/journal/codes/mark4_refactored/data/test/others_test_178.wav,others
/mnt/c/workspace/journal/codes/mark4_refactored/data/test/others_test_179.wav,others
/mnt/c/workspace/journal/codes/mark4_refactored/data/test/others_test_180.wav,others
/mnt/c/workspace/journal/codes/mark4_refactored/data/test/others_test_181.wav,others
/mnt/c/workspace/journal/codes/mark4_refactored/data/test/others_test_182.wav,others
/mnt/c/workspace/journal/codes/mark4_refactored/data/test/others_test_183.wav,others
/mnt/c/workspace/journal/codes/mark4_refactored/data/test/others_test_184.wav,others
/mnt/c/workspace/journal/codes/mark4_refactored/data/test/others_test_185.wav,others
/mnt/c/workspace/journal/codes/mark4_refactored/data/test/others_test_186.wav,others
/mnt/c/workspace/journal/codes/mark4_refactored/data/test/others_test_187.wav,others
/mnt/c/workspace/journal/codes/mark4_refactored/data/test/others_test_188.wav,others
/mnt/c/workspace/journal/codes/mark4_refactored/data/test/others_test_189.wav,others
/mnt/c/workspace/journal/codes/mark4_refactored/data/test/others_test_190.wav,others
/mnt/c/workspace/journal/codes/mark4_refactored/data/test/others_test_191.wav,others
/mnt/c/workspace/journal/codes/mark4_refactored/data/test/others_test_192.wav,others
/mnt/c/workspace/journal/codes/mark4_refactored/data/test/others_test_193.wav,others
/mnt/c/workspace/journal/codes/mark4_refactored/data/test/others_test_194.wav,others
/mnt/c/workspace/journal/codes/mark4_refactored/data/test/others_test_195.wav,others
/mnt/c/workspace/journal/codes/mark4_refactored/data/test/others_test_196.wav,others
/mnt/c/workspace/journal/codes/mark4_refactored/data/test/others_test_197.wav,others
/mnt/c/workspace/journal/codes/mark4_refactored/data/test/others_test_198.wav,others
/mnt/c/workspace/journal/codes/mark4_refactored/data/test/others_test_199.wav,others
/mnt/c/workspace/journal/codes/mark4_refactored/data/test/others_test_200.wav,others
/mnt/c/workspace/journal/codes/mark4_refactored/data/test/others_test_201.wav,others
/mnt/c/workspace/journal/codes/mark4_refactored/data/test/others_test_202.wav,others
/mnt/c/workspace/journal/codes/mark4_refactored/data/test/others_test_203.wav,others
/mnt/c/workspace/journal/codes/mark4_refactored/data/test/others_test_204.wav,others
/mnt/c/workspace/journal/codes/mark4_refactored/data/test/others_test_205.wav,others
/mnt/c/workspace/journal/codes/mark4_refactored/data/test/others_test_206.wav,others
/mnt/c/workspace/journal/codes/mark4_refactored/data/test/others_test_207.wav,others
/mnt/c/workspace/journal/codes/mark4_refactored/data/test/others_test_208.wav,others
/mnt/c/workspace/journal/codes/mark4_refactored/data/test/others_test_209.wav,others
/mnt/c/workspace/journal/codes/mark4_refactored/data/test/others_test_210.wav,others
/mnt/c/workspace/journal/codes/mark4_refactored/data/test/others_test_211.wav,others
/mnt/c/workspace/journal/codes/mark4_refactored/data/test/others_test_212.wav,others
/mnt/c/workspace/journal/codes/mark4_refactored/data/test/others_test_213.wav,others
/mnt/c/workspace/journal/codes/mark4_refactored/data/test/others_test_214.wav,others
/mnt/c/workspace/journal/codes/mark4_refactored/data/test/others_test_215.wav,others
/mnt/c/workspace/journal/codes/mark4_refactored/data/train/dog_bark_train_001.wav,dog_bark
/mnt/c/workspace/journal/codes/mark4_refactored/data/train/dog_bark_train_002.wav,dog_bark
/mnt/c/workspace/journal/codes/mark4_refactored/data/train/dog_bark_train_003.wav,dog_bark
/mnt/c/workspace/journal/codes/mark4_refactored/data/train/dog_bark_train_004.wav,dog_bark
/mnt/c/workspace/journal/codes/mark4_refactored/data/train/dog_bark_train_005.wav,dog_bark
/mnt/c/workspace/journal/codes/mark4_refactored/data/train/dog_bark_train_006.wav,dog_bark
/mnt/c/workspace/journal/codes/mark4_refactored/data/train/dog_bark_train_007.wav,dog_bark
/mnt/c/workspace/journal/codes/mark4_refactored/data/train/dog_bark_train_008.wav,dog_bark
/mnt/c/workspace/journal/codes/mark4_refactored/data/train/dog_bark_train_009.wav,dog_bark
/mnt/c/workspace/journal/codes/mark4_refactored/data/train/dog_bark_train_010.wav,dog_bark
/mnt/c/workspace/journal/codes/mark4_refactored/data/train/dog_bark_train_011.wav,dog_bark
/mnt/c/workspace/journal/codes/mark4_refactored/data/train/dog_bark_train_012.wav,dog_bark
/mnt/c/workspace/journal/codes/mark4_refactored/data/train/dog_bark_train_013.wav,dog_bark
/mnt/c/workspace/journal/codes/mark4_refactored/data/train/dog_bark_train_014.wav,dog_bark
/mnt/c/workspace/journal/codes/mark4_refactored/data/train/dog_bark_train_015.wav,dog_bark
/mnt/c/workspace/journal/codes/mark4_refactored/data/train/dog_bark_train_016.wav,dog_bark
/mnt/c/workspace/journal/codes/mark4_refactored/data/train/dog_bark_train_017.wav,dog_bark
/mnt/c/workspace/journal/codes/mark4_refactored/data/train/dog_bark_train_018.wav,dog_bark
/mnt/c/workspace/journal/codes/mark4_refactored/data/train/dog_bark_train_019.wav,dog_bark
/mnt/c/workspace/journal/codes/mark4_refactored/data/train/dog_bark_train_020.wav,dog_bark
/mnt/c/workspace/journal/codes/mark4_refactored/data/train/dog_bark_train_021.wav,dog_bark
/mnt/c/workspace/journal/codes/mark4_refactored/data/train/dog_bark_train_022.wav,dog_bark
/mnt/c/workspace/journal/codes/mark4_refactored/data/train/dog_bark_train_023.wav,dog_bark
/mnt/c/workspace/journal/codes/mark4_refactored/data/train/dog_bark_train_024.wav,dog_bark
/mnt/c/workspace/journal/codes/mark4_refactored/data/train/dog_bark_train_025.wav,dog_bark
/mnt/c/workspace/journal/codes/mark4_refactored/data/train/dog_bark_train_026.wav,dog_bark
/mnt/c/workspace/journal/codes/mark4_refactored/data/train/dog_bark_train_027.wav,dog_bark
/mnt/c/workspace/journal/codes/mark4_refactored/data/train/dog_bark_train_028.wav,dog_bark
/mnt/c/workspace/journal/codes/mark4_refactored/data/train/dog_bark_train_029.wav,dog_bark
/mnt/c/workspace/journal/codes/mark4_refactored/data/train/dog_bark_train_030.wav,dog_bark
/mnt/c/workspace/journal/codes/mark4_refactored/data/train/dog_bark_train_031.wav,dog_bark
/mnt/c/workspace/journal/codes/mark4_refactored/data/train/dog_bark_train_032.wav,dog_bark
/mnt/c/workspace/journal/codes/mark4_refactored/data/train/dog_bark_train_033.wav,dog_bark
/mnt/c/workspace/journal/codes/mark4_refactored/data/train/dog_bark_train_034.wav,dog_bark
/mnt/c/workspace/journal/codes/mark4_refactored/data/train/dog_bark_train_035.wav,dog_bark
/mnt/c/workspace/journal/codes/mark4_refactored/data/train/dog_bark_train_036.wav,dog_bark
/mnt/c/workspace/journal/codes/mark4_refactored/data/train/dog_bark_train_037.wav,dog_bark
/mnt/c/workspace/journal/codes/mark4_refactored/data/train/dog_bark_train_038.wav,dog_bark
/mnt/c/workspace/journal/codes/mark4_refactored/data/train/dog_bark_train_039.wav,dog_bark
/mnt/c/workspace/journal/codes/mark4_refactored/data/train/dog_bark_train_040.wav,dog_bark
/mnt/c/workspace/journal/codes/mark4_refactored/data/train/dog_bark_train_041.wav,dog_bark
/mnt/c/workspace/journal/codes/mark4_refactored/data/train/dog_bark_train_042.wav,dog_bark
/mnt/c/workspace/journal/codes/mark4_refactored/data/train/dog_bark_train_043.wav,dog_bark
/mnt/c/workspace/journal/codes/mark4_refactored/data/train/dog_bark_train_044.wav,dog_bark
/mnt/c/workspace/journal/codes/mark4_refactored/data/train/dog_bark_train_045.wav,dog_bark
/mnt/c/workspace/journal/codes/mark4_refactored/data/train/dog_bark_train_046.wav,dog_bark
/mnt/c/workspace/journal/codes/mark4_refactored/data/train/dog_bark_train_047.wav,dog_bark
/mnt/c/workspace/journal/codes/mark4_refactored/data/train/dog_bark_train_048.wav,dog_bark
/mnt/c/workspace/journal/codes/mark4_refactored/data/train/dog_bark_train_049.wav,dog_bark
/mnt/c/workspace/journal/codes/mark4_refactored/data/train/dog_bark_train_050.wav,dog_bark
/mnt/c/workspace/journal/codes/mark4_refactored/data/train/dog_bark_train_051.wav,dog_bark
/mnt/c/workspace/journal/codes/mark4_refactored/data/train/dog_bark_train_052.wav,dog_bark
/mnt/c/workspace/journal/codes/mark4_refactored/data/train/dog_bark_train_053.wav,dog_bark
/mnt/c/workspace/journal/codes/mark4_refactored/data/train/dog_bark_train_054.wav,dog_bark
/mnt/c/workspace/journal/codes/mark4_refactored/data/train/dog_bark_train_055.wav,dog_bark
/mnt/c/workspace/journal/codes/mark4_refactored/data/train/dog_bark_train_056.wav,dog_bark
/mnt/c/workspace/journal/codes/mark4_refactored/data/train/dog_bark_train_057.wav,dog_bark
/mnt/c/workspace/journal/codes/mark4_refactored/data/train/dog_bark_train_058.wav,dog_bark
/mnt/c/workspace/journal/codes/mark4_refactored/data/train/dog_bark_train_059.wav,dog_bark
/mnt/c/workspace/journal/codes/mark4_refactored/data/train/dog_bark_train_060.wav,dog_bark
/mnt/c/workspace/journal/codes/mark4_refactored/data/train/dog_bark_train_061.wav,dog_bark
/mnt/c/workspace/journal/codes/mark4_refactored/data/train/dog_bark_train_062.wav,dog_bark
/mnt/c/workspace/journal/codes/mark4_refactored/data/train/dog_bark_train_063.wav,dog_bark
/mnt/c/workspace/journal/codes/mark4_refactored/data/train/dog_bark_train_064.wav,dog_bark
/mnt/c/workspace/journal/codes/mark4_refactored/data/train/dog_bark_train_065.wav,dog_bark
/mnt/c/workspace/journal/codes/mark4_refactored/data/train/dog_bark_train_066.wav,dog_bark
/mnt/c/workspace/journal/codes/mark4_refactored/data/train/dog_bark_train_067.wav,dog_bark
/mnt/c/workspace/journal/codes/mark4_refactored/data/train/dog_bark_train_068.wav,dog_bark
/mnt/c/workspace/journal/codes/mark4_refactored/data/train/dog_bark_train_069.wav,dog_bark
/mnt/c/workspace/journal/codes/mark4_refactored/data/train/dog_bark_train_070.wav,dog_bark
/mnt/c/workspace/journal/codes/mark4_refactored/data/train/dog_bark_train_071.wav,dog_bark
/mnt/c/workspace/journal/codes/mark4_refactored/data/train/dog_bark_train_072.wav,dog_bark
/mnt/c/workspace/journal/codes/mark4_refactored/data/train/dog_bark_train_073.wav,dog_bark
/mnt/c/workspace/journal/codes/mark4_refactored/data/train/dog_bark_train_074.wav,dog_bark
/mnt/c/workspace/journal/codes/mark4_refactored/data/train/dog_bark_train_075.wav,dog_bark
/mnt/c/workspace/journal/codes/mark4_refactored/data/train/dog_bark_train_076.wav,dog_bark
/mnt/c/workspace/journal/codes/mark4_refactored/data/train/dog_bark_train_077.wav,dog_bark
/mnt/c/workspace/journal/codes/mark4_refactored/data/train/dog_bark_train_078.wav,dog_bark
/mnt/c/workspace/journal/codes/mark4_refactored/data/train/dog_bark_train_079.wav,dog_bark
/mnt/c/workspace/journal/codes/mark4_refactored/data/train/dog_bark_train_080.wav,dog_bark
/mnt/c/workspace/journal/codes/mark4_refactored/data/train/dog_bark_train_081.wav,dog_bark
/mnt/c/workspace/journal/codes/mark4_refactored/data/train/dog_bark_train_082.wav,dog_bark
/mnt/c/workspace/journal/codes/mark4_refactored/data/train/dog_bark_train_083.wav,dog_bark
/mnt/c/workspace/journal/codes/mark4_refactored/data/train/dog_bark_train_084.wav,dog_bark
/mnt/c/workspace/journal/codes/mark4_refactored/data/train/dog_bark_train_085.wav,dog_bark
/mnt/c/workspace/journal/codes/mark4_refactored/data/train/dog_bark_train_086.wav,dog_bark
/mnt/c/workspace/journal/codes/mark4_refactored/data/train/dog_bark_train_087.wav,dog_bark
/mnt/c/workspace/journal/codes/mark4_refactored/data/train/dog_bark_train_088.wav,dog_bark
/mnt/c/workspace/journal/codes/mark4_refactored/data/train/dog_bark_train_089.wav,dog_bark
/mnt/c/workspace/journal/codes/mark4_refactored/data/train/dog_bark_train_090.wav,dog_bark
/mnt/c/workspace/journal/codes/mark4_refactored/data/train/dog_bark_train_091.wav,dog_bark
/mnt/c/workspace/journal/codes/mark4_refactored/data/train/dog_bark_train_092.wav,dog_bark
/mnt/c/workspace/journal/codes/mark4_refactored/data/train/dog_bark_train_093.wav,dog_bark
/mnt/c/workspace/journal/codes/mark4_refactored/data/train/dog_bark_train_094.wav,dog_bark
/mnt/c/workspace/journal/codes/mark4_refactored/data/train/dog_bark_train_095.wav,dog_bark
/mnt/c/workspace/journal/codes/mark4_refactored/data/train/dog_bark_train_096.wav,dog_bark
/mnt/c/workspace/journal/codes/mark4_refactored/data/train/dog_bark_train_097.wav,dog_bark
/mnt/c/workspace/journal/codes/mark4_refactored/data/train/dog_bark_train_098.wav,dog_bark
/mnt/c/workspace/journal/codes/mark4_refactored/data/train/dog_bark_train_099.wav,dog_bark
/mnt/c/workspace/journal/codes/mark4_refactored/data/train/dog_bark_train_100.wav,dog_bark
/mnt/c/workspace/journal/codes/mark4_refactored/data/train/dog_bark_train_101.wav,dog_bark
/mnt/c/workspace/journal/codes/mark4_refactored/data/train/dog_bark_train_102.wav,dog_bark
/mnt/c/workspace/journal/codes/mark4_refactored/data/train/dog_bark_train_103.wav,dog_bark
/mnt/c/workspace/journal/codes/mark4_refactored/data/train/dog_bark_train_104.wav,dog_bark
/mnt/c/workspace/journal/codes/mark4_refactored/data/train/dog_bark_train_105.wav,dog_bark
/mnt/c/workspace/journal/codes/mark4_refactored/data/train/dog_bark_train_106.wav,dog_bark
/mnt/c/workspace/journal/codes/mark4_refactored/data/train/dog_bark_train_107.wav,dog_bark
/mnt/c/workspace/journal/codes/mark4_refactored/data/train/dog_bark_train_108.wav,dog_bark
/mnt/c/workspace/journal/codes/mark4_refactored/data/train/dog_bark_train_109.wav,dog_bark
/mnt/c/workspace/journal/codes/mark4_refactored/data/train/dog_bark_train_110.wav,dog_bark
/mnt/c/workspace/journal/codes/mark4_refactored/data/train/dog_bark_train_111.wav,dog_bark
/mnt/c/workspace/journal/codes/mark4_refactored/data/train/dog_bark_train_112.wav,dog_bark
/mnt/c/workspace/journal/codes/mark4_refactored/data/train/dog_bark_train_113.wav,dog_bark
/mnt/c/workspace/journal/codes/mark4_refactored/data/train/dog_bark_train_114.wav,dog_bark
/mnt/c/workspace/journal/codes/mark4_refactored/data/train/dog_bark_train_115.wav,dog_bark
/mnt/c/workspace/journal/codes/mark4_refactored/data/train/dog_bark_train_116.wav,dog_bark
/mnt/c/workspace/journal/codes/mark4_refactored/data/train/dog_bark_train_117.wav,dog_bark
/mnt/c/workspace/journal/codes/mark4_refactored/data/train/dog_bark_train_118.wav,dog_bark
/mnt/c/workspace/journal/codes/mark4_refactored/data/train/dog_bark_train_119.wav,dog_bark
/mnt/c/workspace/journal/codes/mark4_refactored/data/train/dog_bark_train_120.wav,dog_bark
/mnt/c/workspace/journal/codes/mark4_refactored/data/train/dog_bark_train_121.wav,dog_bark
/mnt/c/workspace/journal/codes/mark4_refactored/data/train/dog_bark_train_122.wav,dog_bark
/mnt/c/workspace/journal/codes/mark4_refactored/data/train/dog_bark_train_123.wav,dog_bark
/mnt/c/workspace/journal/codes/mark4_refactored/data/train/dog_bark_train_124.wav,dog_bark
/mnt/c/workspace/journal/codes/mark4_refactored/data/train/dog_bark_train_125.wav,dog_bark
/mnt/c/workspace/journal/codes/mark4_refactored/data/train/dog_bark_train_126.wav,dog_bark
/mnt/c/workspace/journal/codes/mark4_refactored/data/train/dog_bark_train_127.wav,dog_bark
/mnt/c/workspace/journal/codes/mark4_refactored/data/train/dog_bark_train_128.wav,dog_bark
/mnt/c/workspace/journal/codes/mark4_refactored/data/train/dog_bark_train_129.wav,dog_bark
/mnt/c/workspace/journal/codes/mark4_refactored/data/train/dog_bark_train_130.wav,dog_bark
/mnt/c/workspace/journal/codes/mark4_refactored/data/train/dog_bark_train_131.wav,dog_bark
/mnt/c/workspace/journal/codes/mark4_refactored/data/train/dog_bark_train_132.wav,dog_bark
/mnt/c/workspace/journal/codes/mark4_refactored/data/train/dog_bark_train_133.wav,dog_bark
/mnt/c/workspace/journal/codes/mark4_refactored/data/train/dog_bark_train_134.wav,dog_bark
/mnt/c/workspace/journal/codes/mark4_refactored/data/train/dog_bark_train_135.wav,dog_bark
/mnt/c/workspace/journal/codes/mark4_refactored/data/train/dog_bark_train_136.wav,dog_bark
/mnt/c/workspace/journal/codes/mark4_refactored/data/train/dog_bark_train_137.wav,dog_bark
/mnt/c/workspace/journal/codes/mark4_refactored/data/train/dog_bark_train_138.wav,dog_bark
/mnt/c/workspace/journal/codes/mark4_refactored/data/train/dog_bark_train_139.wav,dog_bark
/mnt/c/workspace/journal/codes/mark4_refactored/data/train/dog_bark_train_140.wav,dog_bark
/mnt/c/workspace/journal/codes/mark4_refactored/data/train/dog_bark_train_141.wav,dog_bark
/mnt/c/workspace/journal/codes/mark4_refactored/data/train/dog_bark_train_142.wav,dog_bark
/mnt/c/workspace/journal/codes/mark4_refactored/data/train/dog_bark_train_143.wav,dog_bark
/mnt/c/workspace/journal/codes/mark4_refactored/data/train/dog_bark_train_144.wav,dog_bark
/mnt/c/workspace/journal/codes/mark4_refactored/data/train/dog_bark_train_145.wav,dog_bark
/mnt/c/workspace/journal/codes/mark4_refactored/data/train/dog_bark_train_146.wav,dog_bark
/mnt/c/workspace/journal/codes/mark4_refactored/data/train/dog_bark_train_147.wav,dog_bark
/mnt/c/workspace/journal/codes/mark4_refactored/data/train/dog_bark_train_148.wav,dog_bark
/mnt/c/workspace/journal/codes/mark4_refactored/data/train/dog_bark_train_149.wav,dog_bark
/mnt/c/workspace/journal/codes/mark4_refactored/data/train/dog_bark_train_150.wav,dog_bark
/mnt/c/workspace/journal/codes/mark4_refactored/data/train/dog_bark_train_151.wav,dog_bark
/mnt/c/workspace/journal/codes/mark4_refactored/data/train/dog_bark_train_152.wav,dog_bark
/mnt/c/workspace/journal/codes/mark4_refactored/data/train/dog_bark_train_153.wav,dog_bark
/mnt/c/workspace/journal/codes/mark4_refactored/data/train/dog_bark_train_154.wav,dog_bark
/mnt/c/workspace/journal/codes/mark4_refactored/data/train/dog_bark_train_155.wav,dog_bark
/mnt/c/workspace/journal/codes/mark4_refactored/data/train/dog_bark_train_156.wav,dog_bark
/mnt/c/workspace/journal/codes/mark4_refactored/data/train/dog_bark_train_157.wav,dog_bark
/mnt/c/workspace/journal/codes/mark4_refactored/data/train/dog_bark_train_158.wav,dog_bark
/mnt/c/workspace/journal/codes/mark4_refactored/data/train/dog_bark_train_159.wav,dog_bark
/mnt/c/workspace/journal/codes/mark4_refactored/data/train/dog_bark_train_160.wav,dog_bark
/mnt/c/workspace/journal/codes/mark4_refactored/data/train/dog_bark_train_161.wav,dog_bark
/mnt/c/workspace/journal/codes/mark4_refactored/data/train/dog_bark_train_162.wav,dog_bark
/mnt/c/workspace/journal/codes/mark4_refactored/data/train/dog_bark_train_163.wav,dog_bark
/mnt/c/workspace/journal/codes/mark4_refactored/data/train/dog_bark_train_164.wav,dog_bark
/mnt/c/workspace/journal/codes/mark4_refactored/data/train/dog_bark_train_165.wav,dog_bark
/mnt/c/workspace/journal/codes/mark4_refactored/data/train/dog_bark_train_166.wav,dog_bark
/mnt/c/workspace/journal/codes/mark4_refactored/data/train/dog_bark_train_167.wav,dog_bark
/mnt/c/workspace/journal/codes/mark4_refactored/data/train/dog_bark_train_168.wav,dog_bark
/mnt/c/workspace/journal/codes/mark4_refactored/data/train/dog_bark_train_169.wav,dog_bark
/mnt/c/workspace/journal/codes/mark4_refactored/data/train/dog_bark_train_170.wav,dog_bark
/mnt/c/workspace/journal/codes/mark4_refactored/data/train/dog_bark_train_171.wav,dog_bark
/mnt/c/workspace/journal/codes/mark4_refactored/data/train/dog_bark_train_172.wav,dog_bark
/mnt/c/workspace/journal/codes/mark4_refactored/data/train/dog_bark_train_173.wav,dog_bark
/mnt/c/workspace/journal/codes/mark4_refactored/data/train/dog_bark_train_174.wav,dog_bark
/mnt/c/workspace/journal/codes/mark4_refactored/data/train/dog_bark_train_175.wav,dog_bark
/mnt/c/workspace/journal/codes/mark4_refactored/data/train/dog_bark_train_176.wav,dog_bark
/mnt/c/workspace/journal/codes/mark4_refactored/data/train/dog_bark_train_177.wav,dog_bark
/mnt/c/workspace/journal/codes/mark4_refactored/data/train/dog_bark_train_178.wav,dog_bark
/mnt/c/workspace/journal/codes/mark4_refactored/data/train/dog_bark_train_179.wav,dog_bark
/mnt/c/workspace/journal/codes/mark4_refactored/data/train/dog_bark_train_180.wav,dog_bark
/mnt/c/workspace/journal/codes/mark4_refactored/data/train/dog_bark_train_181.wav,dog_bark
/mnt/c/workspace/journal/codes/mark4_refactored/data/train/dog_bark_train_182.wav,dog_bark
/mnt/c/workspace/journal/codes/mark4_refactored/data/train/dog_bark_train_183.wav,dog_bark
/mnt/c/workspace/journal/codes/mark4_refactored/data/train/dog_bark_train_184.wav,dog_bark
/mnt/c/workspace/journal/codes/mark4_refactored/data/train/dog_bark_train_185.wav,dog_bark
/mnt/c/workspace/journal/codes/mark4_refactored/data/train/dog_bark_train_186.wav,dog_bark
/mnt/c/workspace/journal/codes/mark4_refactored/data/train/dog_bark_train_187.wav,dog_bark
/mnt/c/workspace/journal/codes/mark4_refactored/data/train/dog_bark_train_188.wav,dog_bark
/mnt/c/workspace/journal/codes/mark4_refactored/data/train/dog_bark_train_189.wav,dog_bark
/mnt/c/workspace/journal/codes/mark4_refactored/data/train/dog_bark_train_190.wav,dog_bark
/mnt/c/workspace/journal/codes/mark4_refactored/data/train/dog_bark_train_191.wav,dog_bark
/mnt/c/workspace/journal/codes/mark4_refactored/data/train/dog_bark_train_192.wav,dog_bark
/mnt/c/workspace/journal/codes/mark4_refactored/data/train/dog_bark_train_193.wav,dog_bark
/mnt/c/workspace/journal/codes/mark4_refactored/data/train/dog_bark_train_194.wav,dog_bark
/mnt/c/workspace/journal/codes/mark4_refactored/data/train/dog_bark_train_195.wav,dog_bark
/mnt/c/workspace/journal/codes/mark4_refactored/data/train/dog_bark_train_196.wav,dog_bark
/mnt/c/workspace/journal/codes/mark4_refactored/data/train/dog_bark_train_197.wav,dog_bark
/mnt/c/workspace/journal/codes/mark4_refactored/data/train/dog_bark_train_198.wav,dog_bark
/mnt/c/workspace/journal/codes/mark4_refactored/data/train/dog_bark_train_199.wav,dog_bark
/mnt/c/workspace/journal/codes/mark4_refactored/data/train/dog_bark_train_200.wav,dog_bark
/mnt/c/workspace/journal/codes/mark4_refactored/data/train/dog_bark_train_201.wav,dog_bark
/mnt/c/workspace/journal/codes/mark4_refactored/data/train/dog_bark_train_202.wav,dog_bark
/mnt/c/workspace/journal/codes/mark4_refactored/data/train/dog_bark_train_203.wav,dog_bark
/mnt/c/workspace/journal/codes/mark4_refactored/data/train/dog_bark_train_204.wav,dog_bark
/mnt/c/workspace/journal/codes/mark4_refactored/data/train/dog_bark_train_205.wav,dog_bark
/mnt/c/workspace/journal/codes/mark4_refactored/data/train/dog_bark_train_206.wav,dog_bark
/mnt/c/workspace/journal/codes/mark4_refactored/data/train/dog_bark_train_207.wav,dog_bark
/mnt/c/workspace/journal/codes/mark4_refactored/data/train/dog_bark_train_208.wav,dog_bark
/mnt/c/workspace/journal/codes/mark4_refactored/data/train/dog_bark_train_209.wav,dog_bark
/mnt/c/workspace/journal/codes/mark4_refactored/data/train/dog_bark_train_210.wav,dog_bark
/mnt/c/workspace/journal/codes/mark4_refactored/data/train/dog_bark_train_211.wav,dog_bark
/mnt/c/workspace/journal/codes/mark4_refactored/data/train/dog_bark_train_212.wav,dog_bark
/mnt/c/workspace/journal/codes/mark4_refactored/data/train/dog_bark_train_213.wav,dog_bark
/mnt/c/workspace/journal/codes/mark4_refactored/data/train/dog_bark_train_214.wav,dog_bark
/mnt/c/workspace/journal/codes/mark4_refactored/data/train/dog_bark_train_215.wav,dog_bark
/mnt/c/workspace/journal/codes/mark4_refactored/data/train/dog_bark_train_216.wav,dog_bark
/mnt/c/workspace/journal/codes/mark4_refactored/data/train/dog_bark_train_217.wav,dog_bark
/mnt/c/workspace/journal/codes/mark4_refactored/data/train/dog_bark_train_218.wav,dog_bark
/mnt/c/workspace/journal/codes/mark4_refactored/data/train/dog_bark_train_219.wav,dog_bark
/mnt/c/workspace/journal/codes/mark4_refactored/data/train/dog_bark_train_220.wav,dog_bark
/mnt/c/workspace/journal/codes/mark4_refactored/data/train/dog_bark_train_221.wav,dog_bark
/mnt/c/workspace/journal/codes/mark4_refactored/data/train/dog_bark_train_222.wav,dog_bark
/mnt/c/workspace/journal/codes/mark4_refactored/data/train/dog_bark_train_223.wav,dog_bark
/mnt/c/workspace/journal/codes/mark4_refactored/data/train/dog_bark_train_224.wav,dog_bark
/mnt/c/workspace/journal/codes/mark4_refactored/data/train/dog_bark_train_225.wav,dog_bark
/mnt/c/workspace/journal/codes/mark4_refactored/data/train/dog_bark_train_226.wav,dog_bark
/mnt/c/workspace/journal/codes/mark4_refactored/data/train/dog_bark_train_227.wav,dog_bark
/mnt/c/workspace/journal/codes/mark4_refactored/data/train/dog_bark_train_228.wav,dog_bark
/mnt/c/workspace/journal/codes/mark4_refactored/data/train/dog_bark_train_229.wav,dog_bark
/mnt/c/workspace/journal/codes/mark4_refactored/data/train/dog_bark_train_230.wav,dog_bark
/mnt/c/workspace/journal/codes/mark4_refactored/data/train/dog_bark_train_231.wav,dog_bark
/mnt/c/workspace/journal/codes/mark4_refactored/data/train/dog_bark_train_232.wav,dog_bark
/mnt/c/workspace/journal/codes/mark4_refactored/data/train/dog_bark_train_233.wav,dog_bark
/mnt/c/workspace/journal/codes/mark4_refactored/data/train/dog_bark_train_234.wav,dog_bark
/mnt/c/workspace/journal/codes/mark4_refactored/data/train/dog_bark_train_235.wav,dog_bark
/mnt/c/workspace/journal/codes/mark4_refactored/data/train/dog_bark_train_236.wav,dog_bark
/mnt/c/workspace/journal/codes/mark4_refactored/data/train/dog_bark_train_237.wav,dog_bark
/mnt/c/workspace/journal/codes/mark4_refactored/data/train/dog_bark_train_238.wav,dog_bark
/mnt/c/workspace/journal/codes/mark4_refactored/data/train/dog_bark_train_239.wav,dog_bark
/mnt/c/workspace/journal/codes/mark4_refactored/data/train/dog_bark_train_240.wav,dog_bark
/mnt/c/workspace/journal/codes/mark4_refactored/data/train/dog_bark_train_241.wav,dog_bark
/mnt/c/workspace/journal/codes/mark4_refactored/data/train/dog_bark_train_242.wav,dog_bark
/mnt/c/workspace/journal/codes/mark4_refactored/data/train/dog_bark_train_243.wav,dog_bark
/mnt/c/workspace/journal/codes/mark4_refactored/data/train/dog_bark_train_244.wav,dog_bark
/mnt/c/workspace/journal/codes/mark4_refactored/data/train/dog_bark_train_245.wav,dog_bark
/mnt/c/workspace/journal/codes/mark4_refactored/data/train/dog_bark_train_246.wav,dog_bark
/mnt/c/workspace/journal/codes/mark4_refactored/data/train/dog_bark_train_247.wav,dog_bark
/mnt/c/workspace/journal/codes/mark4_refactored/data/train/dog_bark_train_248.wav,dog_bark
/mnt/c/workspace/journal/codes/mark4_refactored/data/train/dog_bark_train_249.wav,dog_bark
/mnt/c/workspace/journal/codes/mark4_refactored/data/train/dog_bark_train_250.wav,dog_bark
/mnt/c/workspace/journal/codes/mark4_refactored/data/train/dog_bark_train_251.wav,dog_bark
/mnt/c/workspace/journal/codes/mark4_refactored/data/train/dog_bark_train_252.wav,dog_bark
/mnt/c/workspace/journal/codes/mark4_refactored/data/train/dog_bark_train_253.wav,dog_bark
/mnt/c/workspace/journal/codes/mark4_refactored/data/train/dog_bark_train_254.wav,dog_bark
/mnt/c/workspace/journal/codes/mark4_refactored/data/train/dog_bark_train_255.wav,dog_bark
/mnt/c/workspace/journal/codes/mark4_refactored/data/train/dog_bark_train_256.wav,dog_bark
/mnt/c/workspace/journal/codes/mark4_refactored/data/train/dog_bark_train_257.wav,dog_bark
/mnt/c/workspace/journal/codes/mark4_refactored/data/train/dog_bark_train_258.wav,dog_bark
/mnt/c/workspace/journal/codes/mark4_refactored/data/train/dog_bark_train_259.wav,dog_bark
/mnt/c/workspace/journal/codes/mark4_refactored/data/train/dog_bark_train_260.wav,dog_bark
/mnt/c/workspace/journal/codes/mark4_refactored/data/train/dog_bark_train_261.wav,dog_bark
/mnt/c/workspace/journal/codes/mark4_refactored/data/train/dog_bark_train_262.wav,dog_bark
/mnt/c/workspace/journal/codes/mark4_refactored/data/train/dog_bark_train_263.wav,dog_bark
/mnt/c/workspace/journal/codes/mark4_refactored/data/train/dog_bark_train_264.wav,dog_bark
/mnt/c/workspace/journal/codes/mark4_refactored/data/train/dog_bark_train_265.wav,dog_bark
/mnt/c/workspace/journal/codes/mark4_refactored/data/train/dog_bark_train_266.wav,dog_bark
/mnt/c/workspace/journal/codes/mark4_refactored/data/train/dog_bark_train_267.wav,dog_bark
/mnt/c/workspace/journal/codes/mark4_refactored/data/train/dog_bark_train_268.wav,dog_bark
/mnt/c/workspace/journal/codes/mark4_refactored/data/train/dog_bark_train_269.wav,dog_bark
/mnt/c/workspace/journal/codes/mark4_refactored/data/train/dog_bark_train_270.wav,dog_bark
/mnt/c/workspace/journal/codes/mark4_refactored/data/train/dog_bark_train_271.wav,dog_bark
/mnt/c/workspace/journal/codes/mark4_refactored/data/train/dog_bark_train_272.wav,dog_bark
/mnt/c/workspace/journal/codes/mark4_refactored/data/train/dog_bark_train_273.wav,dog_bark
/mnt/c/workspace/journal/codes/mark4_refactored/data/train/dog_bark_train_274.wav,dog_bark
/mnt/c/workspace/journal/codes/mark4_refactored/data/train/dog_bark_train_275.wav,dog_bark
/mnt/c/workspace/journal/codes/mark4_refactored/data/train/dog_bark_train_276.wav,dog_bark
/mnt/c/workspace/journal/codes/mark4_refactored/data/train/dog_bark_train_277.wav,dog_bark
/mnt/c/workspace/journal/codes/mark4_refactored/data/train/dog_bark_train_278.wav,dog_bark
/mnt/c/workspace/journal/codes/mark4_refactored/data/train/dog_bark_train_279.wav,dog_bark
/mnt/c/workspace/journal/codes/mark4_refactored/data/train/dog_bark_train_280.wav,dog_bark
/mnt/c/workspace/journal/codes/mark4_refactored/data/train/dog_bark_train_281.wav,dog_bark
/mnt/c/workspace/journal/codes/mark4_refactored/data/train/dog_bark_train_282.wav,dog_bark
/mnt/c/workspace/journal/codes/mark4_refactored/data/train/dog_bark_train_283.wav,dog_bark
/mnt/c/workspace/journal/codes/mark4_refactored/data/train/dog_bark_train_284.wav,dog_bark
/mnt/c/workspace/journal/codes/mark4_refactored/data/train/dog_bark_train_285.wav,dog_bark
/mnt/c/workspace/journal/codes/mark4_refactored/data/train/dog_bark_train_286.wav,dog_bark
/mnt/c/workspace/journal/codes/mark4_refactored/data/train/dog_bark_train_287.wav,dog_bark
/mnt/c/workspace/journal/codes/mark4_refactored/data/train/dog_bark_train_288.wav,dog_bark
/mnt/c/workspace/journal/codes/mark4_refactored/data/train/dog_bark_train_289.wav,dog_bark
/mnt/c/workspace/journal/codes/mark4_refactored/data/train/dog_bark_train_290.wav,dog_bark
/mnt/c/workspace/journal/codes/mark4_refactored/data/train/dog_bark_train_291.wav,dog_bark
/mnt/c/workspace/journal/codes/mark4_refactored/data/train/dog_bark_train_292.wav,dog_bark
/mnt/c/workspace/journal/codes/mark4_refactored/data/train/dog_bark_train_293.wav,dog_bark
/mnt/c/workspace/journal/codes/mark4_refactored/data/train/dog_bark_train_294.wav,dog_bark
/mnt/c/workspace/journal/codes/mark4_refactored/data/train/dog_bark_train_295.wav,dog_bark
/mnt/c/workspace/journal/codes/mark4_refactored/data/train/dog_bark_train_296.wav,dog_bark
/mnt/c/workspace/journal/codes/mark4_refactored/data/train/dog_bark_train_297.wav,dog_bark
/mnt/c/workspace/journal/codes/mark4_refactored/data/train/dog_bark_train_298.wav,dog_bark
/mnt/c/workspace/journal/codes/mark4_refactored/data/train/dog_bark_train_299.wav,dog_bark
/mnt/c/workspace/journal/codes/mark4_refactored/data/train/dog_bark_train_300.wav,dog_bark
/mnt/c/workspace/journal/codes/mark4_refactored/data/train/dog_bark_train_301.wav,dog_bark
/mnt/c/workspace/journal/codes/mark4_refactored/data/train/dog_bark_train_302.wav,dog_bark
/mnt/c/workspace/journal/codes/mark4_refactored/data/train/dog_bark_train_303.wav,dog_bark
/mnt/c/workspace/journal/codes/mark4_refactored/data/train/dog_bark_train_304.wav,dog_bark
/mnt/c/workspace/journal/codes/mark4_refactored/data/train/dog_bark_train_305.wav,dog_bark
/mnt/c/workspace/journal/codes/mark4_refactored/data/train/dog_bark_train_306.wav,dog_bark
/mnt/c/workspace/journal/codes/mark4_refactored/data/train/dog_bark_train_307.wav,dog_bark
/mnt/c/workspace/journal/codes/mark4_refactored/data/train/dog_bark_train_308.wav,dog_bark
/mnt/c/workspace/journal/codes/mark4_refactored/data/train/dog_bark_train_309.wav,dog_bark
/mnt/c/workspace/journal/codes/mark4_refactored/data/train/dog_bark_train_310.wav,dog_bark
/mnt/c/workspace/journal/codes/mark4_refactored/data/train/dog_bark_train_311.wav,dog_bark
/mnt/c/workspace/journal/codes/mark4_refactored/data/train/dog_bark_train_312.wav,dog_bark
/mnt/c/workspace/journal/codes/mark4_refactored/data/train/dog_bark_train_313.wav,dog_bark
/mnt/c/workspace/journal/codes/mark4_refactored/data/train/dog_bark_train_314.wav,dog_bark
/mnt/c/workspace/journal/codes/mark4_refactored/data/train/dog_bark_train_315.wav,dog_bark
/mnt/c/workspace/journal/codes/mark4_refactored/data/train/dog_bark_train_316.wav,dog_bark
/mnt/c/workspace/journal/codes/mark4_refactored/data/train/dog_bark_train_317.wav,dog_bark
/mnt/c/workspace/journal/codes/mark4_refactored/data/train/dog_bark_train_318.wav,dog_bark
/mnt/c/workspace/journal/codes/mark4_refactored/data/train/dog_bark_train_319.wav,dog_bark
/mnt/c/workspace/journal/codes/mark4_refactored/data/train/dog_bark_train_320.wav,dog_bark
/mnt/c/workspace/journal/codes/mark4_refactored/data/train/dog_bark_train_321.wav,dog_bark
/mnt/c/workspace/journal/codes/mark4_refactored/data/train/dog_bark_train_322.wav,dog_bark
/mnt/c/workspace/journal/codes/mark4_refactored/data/train/dog_bark_train_323.wav,dog_bark
/mnt/c/workspace/journal/codes/mark4_refactored/data/train/dog_bark_train_324.wav,dog_bark
/mnt/c/workspace/journal/codes/mark4_refactored/data/train/dog_bark_train_325.wav,dog_bark
/mnt/c/workspace/journal/codes/mark4_refactored/data/train/dog_bark_train_326.wav,dog_bark
/mnt/c/workspace/journal/codes/mark4_refactored/data/train/dog_bark_train_327.wav,dog_bark
/mnt/c/workspace/journal/codes/mark4_refactored/data/train/dog_bark_train_328.wav,dog_bark
/mnt/c/workspace/journal/codes/mark4_refactored/data/train/dog_bark_train_329.wav,dog_bark
/mnt/c/workspace/journal/codes/mark4_refactored/data/train/dog_bark_train_330.wav,dog_bark
/mnt/c/workspace/journal/codes/mark4_refactored/data/train/dog_bark_train_331.wav,dog_bark
/mnt/c/workspace/journal/codes/mark4_refactored/data/train/dog_bark_train_332.wav,dog_bark
/mnt/c/workspace/journal/codes/mark4_refactored/data/train/dog_bark_train_333.wav,dog_bark
/mnt/c/workspace/journal/codes/mark4_refactored/data/train/dog_bark_train_334.wav,dog_bark
/mnt/c/workspace/journal/codes/mark4_refactored/data/train/dog_bark_train_335.wav,dog_bark
/mnt/c/workspace/journal/codes/mark4_refactored/data/train/dog_bark_train_336.wav,dog_bark
/mnt/c/workspace/journal/codes/mark4_refactored/data/train/dog_bark_train_337.wav,dog_bark
/mnt/c/workspace/journal/codes/mark4_refactored/data/train/dog_bark_train_338.wav,dog_bark
/mnt/c/workspace/journal/codes/mark4_refactored/data/train/dog_bark_train_339.wav,dog_bark
/mnt/c/workspace/journal/codes/mark4_refactored/data/train/dog_bark_train_340.wav,dog_bark
/mnt/c/workspace/journal/codes/mark4_refactored/data/train/dog_bark_train_341.wav,dog_bark
/mnt/c/workspace/journal/codes/mark4_refactored/data/train/dog_bark_train_342.wav,dog_bark
/mnt/c/workspace/journal/codes/mark4_refactored/data/train/dog_bark_train_343.wav,dog_bark
/mnt/c/workspace/journal/codes/mark4_refactored/data/train/dog_bark_train_344.wav,dog_bark
/mnt/c/workspace/journal/codes/mark4_refactored/data/train/dog_bark_train_345.wav,dog_bark
/mnt/c/workspace/journal/codes/mark4_refactored/data/train/dog_bark_train_346.wav,dog_bark
/mnt/c/workspace/journal/codes/mark4_refactored/data/train/dog_bark_train_347.wav,dog_bark
/mnt/c/workspace/journal/codes/mark4_refactored/data/train/dog_bark_train_348.wav,dog_bark
/mnt/c/workspace/journal/codes/mark4_refactored/data/train/dog_bark_train_349.wav,dog_bark
/mnt/c/workspace/journal/codes/mark4_refactored/data/train/dog_bark_train_350.wav,dog_bark
/mnt/c/workspace/journal/codes/mark4_refactored/data/train/dog_bark_train_351.wav,dog_bark
/mnt/c/workspace/journal/codes/mark4_refactored/data/train/dog_bark_train_352.wav,dog_bark
/mnt/c/workspace/journal/codes/mark4_refactored/data/train/dog_bark_train_353.wav,dog_bark
/mnt/c/workspace/journal/codes/mark4_refactored/data/train/dog_bark_train_354.wav,dog_bark
/mnt/c/workspace/journal/codes/mark4_refactored/data/train/dog_bark_train_355.wav,dog_bark
/mnt/c/workspace/journal/codes/mark4_refactored/data/train/dog_bark_train_356.wav,dog_bark
/mnt/c/workspace/journal/codes/mark4_refactored/data/train/dog_bark_train_357.wav,dog_bark
/mnt/c/workspace/journal/codes/mark4_refactored/data/train/dog_bark_train_358.wav,dog_bark
/mnt/c/workspace/journal/codes/mark4_refactored/data/train/dog_bark_train_359.wav,dog_bark
/mnt/c/workspace/journal/codes/mark4_refactored/data/train/dog_bark_train_360.wav,dog_bark
/mnt/c/workspace/journal/codes/mark4_refactored/data/train/dog_bark_train_361.wav,dog_bark
/mnt/c/workspace/journal/codes/mark4_refactored/data/train/dog_bark_train_362.wav,dog_bark
/mnt/c/workspace/journal/codes/mark4_refactored/data/train/dog_bark_train_363.wav,dog_bark
/mnt/c/workspace/journal/codes/mark4_refactored/data/train/dog_bark_train_364.wav,dog_bark
/mnt/c/workspace/journal/codes/mark4_refactored/data/train/dog_bark_train_365.wav,dog_bark
/mnt/c/workspace/journal/codes/mark4_refactored/data/train/dog_bark_train_366.wav,dog_bark
/mnt/c/workspace/journal/codes/mark4_refactored/data/train/dog_bark_train_367.wav,dog_bark
/mnt/c/workspace/journal/codes/mark4_refactored/data/train/dog_bark_train_368.wav,dog_bark
/mnt/c/workspace/journal/codes/mark4_refactored/data/train/dog_bark_train_369.wav,dog_bark
/mnt/c/workspace/journal/codes/mark4_refactored/data/train/dog_bark_train_370.wav,dog_bark
/mnt/c/workspace/journal/codes/mark4_refactored/data/train/dog_bark_train_371.wav,dog_bark
/mnt/c/workspace/journal/codes/mark4_refactored/data/train/dog_bark_train_372.wav,dog_bark
/mnt/c/workspace/journal/codes/mark4_refactored/data/train/dog_bark_train_373.wav,dog_bark
/mnt/c/workspace/journal/codes/mark4_refactored/data/train/dog_bark_train_374.wav,dog_bark
/mnt/c/workspace/journal/codes/mark4_refactored/data/train/dog_bark_train_375.wav,dog_bark
/mnt/c/workspace/journal/codes/mark4_refactored/data/train/dog_bark_train_376.wav,dog_bark
/mnt/c/workspace/journal/codes/mark4_refactored/data/train/dog_bark_train_377.wav,dog_bark
/mnt/c/workspace/journal/codes/mark4_refactored/data/train/dog_bark_train_378.wav,dog_bark
/mnt/c/workspace/journal/codes/mark4_refactored/data/train/dog_bark_train_379.wav,dog_bark
/mnt/c/workspace/journal/codes/mark4_refactored/data/train/dog_bark_train_380.wav,dog_bark
/mnt/c/workspace/journal/codes/mark4_refactored/data/train/dog_bark_train_381.wav,dog_bark
/mnt/c/workspace/journal/codes/mark4_refactored/data/train/dog_bark_train_382.wav,dog_bark
/mnt/c/workspace/journal/codes/mark4_refactored/data/train/dog_bark_train_383.wav,dog_bark
/mnt/c/workspace/journal/codes/mark4_refactored/data/train/dog_bark_train_384.wav,dog_bark
/mnt/c/workspace/journal/codes/mark4_refactored/data/train/dog_bark_train_385.wav,dog_bark
/mnt/c/workspace/journal/codes/mark4_refactored/data/train/dog_bark_train_386.wav,dog_bark
/mnt/c/workspace/journal/codes/mark4_refactored/data/train/dog_bark_train_387.wav,dog_bark
/mnt/c/workspace/journal/codes/mark4_refactored/data/train/dog_bark_train_388.wav,dog_bark
/mnt/c/workspace/journal/codes/mark4_refactored/data/train/dog_bark_train_389.wav,dog_bark
/mnt/c/workspace/journal/codes/mark4_refactored/data/train/dog_bark_train_390.wav,dog_bark
/mnt/c/workspace/journal/codes/mark4_refactored/data/train/dog_bark_train_391.wav,dog_bark
/mnt/c/workspace/journal/codes/mark4_refactored/data/train/dog_bark_train_392.wav,dog_bark
/mnt/c/workspace/journal/codes/mark4_refactored/data/train/dog_bark_train_393.wav,dog_bark
/mnt/c/workspace/journal/codes/mark4_refactored/data/train/dog_bark_train_394.wav,dog_bark
/mnt/c/workspace/journal/codes/mark4_refactored/data/train/dog_bark_train_395.wav,dog_bark
/mnt/c/workspace/journal/codes/mark4_refactored/data/train/dog_bark_train_396.wav,dog_bark
/mnt/c/workspace/journal/codes/mark4_refactored/data/train/dog_bark_train_397.wav,dog_bark
/mnt/c/workspace/journal/codes/mark4_refactored/data/train/dog_bark_train_398.wav,dog_bark
/mnt/c/workspace/journal/codes/mark4_refactored/data/train/dog_bark_train_399.wav,dog_bark
/mnt/c/workspace/journal/codes/mark4_refactored/data/train/dog_bark_train_400.wav,dog_bark
/mnt/c/workspace/journal/codes/mark4_refactored/data/train/dog_bark_train_401.wav,dog_bark
/mnt/c/workspace/journal/codes/mark4_refactored/data/train/dog_bark_train_402.wav,dog_bark
/mnt/c/workspace/journal/codes/mark4_refactored/data/train/dog_bark_train_403.wav,dog_bark
/mnt/c/workspace/journal/codes/mark4_refactored/data/train/dog_bark_train_404.wav,dog_bark
/mnt/c/workspace/journal/codes/mark4_refactored/data/train/dog_bark_train_405.wav,dog_bark
/mnt/c/workspace/journal/codes/mark4_refactored/data/train/dog_bark_train_406.wav,dog_bark
/mnt/c/workspace/journal/codes/mark4_refactored/data/train/dog_bark_train_407.wav,dog_bark
/mnt/c/workspace/journal/codes/mark4_refactored/data/train/dog_bark_train_408.wav,dog_bark
/mnt/c/workspace/journal/codes/mark4_refactored/data/train/dog_bark_train_409.wav,dog_bark
/mnt/c/workspace/journal/codes/mark4_refactored/data/train/dog_bark_train_410.wav,dog_bark
/mnt/c/workspace/journal/codes/mark4_refactored/data/train/dog_bark_train_411.wav,dog_bark
/mnt/c/workspace/journal/codes/mark4_refactored/data/train/dog_bark_train_412.wav,dog_bark
/mnt/c/workspace/journal/codes/mark4_refactored/data/train/dog_bark_train_413.wav,dog_bark
/mnt/c/workspace/journal/codes/mark4_refactored/data/train/dog_bark_train_414.wav,dog_bark
/mnt/c/workspace/journal/codes/mark4_refactored/data/train/dog_bark_train_415.wav,dog_bark
/mnt/c/workspace/journal/codes/mark4_refactored/data/train/dog_bark_train_416.wav,dog_bark
/mnt/c/workspace/journal/codes/mark4_refactored/data/train/dog_bark_train_417.wav,dog_bark
/mnt/c/workspace/journal/codes/mark4_refactored/data/train/dog_bark_train_418.wav,dog_bark
/mnt/c/workspace/journal/codes/mark4_refactored/data/train/dog_bark_train_419.wav,dog_bark
/mnt/c/workspace/journal/codes/mark4_refactored/data/train/dog_bark_train_420.wav,dog_bark
/mnt/c/workspace/journal/codes/mark4_refactored/data/train/dog_bark_train_421.wav,dog_bark
/mnt/c/workspace/journal/codes/mark4_refactored/data/train/dog_bark_train_422.wav,dog_bark
/mnt/c/workspace/journal/codes/mark4_refactored/data/train/dog_bark_train_423.wav,dog_bark
/mnt/c/workspace/journal/codes/mark4_refactored/data/train/dog_bark_train_424.wav,dog_bark
/mnt/c/workspace/journal/codes/mark4_refactored/data/train/dog_bark_train_425.wav,dog_bark
/mnt/c/workspace/journal/codes/mark4_refactored/data/train/dog_bark_train_426.wav,dog_bark
/mnt/c/workspace/journal/codes/mark4_refactored/data/train/dog_bark_train_427.wav,dog_bark
/mnt/c/workspace/journal/codes/mark4_refactored/data/train/dog_bark_train_428.wav,dog_bark
/mnt/c/workspace/journal/codes/mark4_refactored/data/train/dog_bark_train_429.wav,dog_bark
/mnt/c/workspace/journal/codes/mark4_refactored/data/train/dog_bark_train_430.wav,dog_bark
/mnt/c/workspace/journal/codes/mark4_refactored/data/train/dog_bark_train_431.wav,dog_bark
/mnt/c/workspace/journal/codes/mark4_refactored/data/train/dog_bark_train_432.wav,dog_bark
/mnt/c/workspace/journal/codes/mark4_refactored/data/train/dog_bark_train_433.wav,dog_bark
/mnt/c/workspace/journal/codes/mark4_refactored/data/train/dog_bark_train_434.wav,dog_bark
/mnt/c/workspace/journal/codes/mark4_refactored/data/train/dog_bark_train_435.wav,dog_bark
/mnt/c/workspace/journal/codes/mark4_refactored/data/train/dog_bark_train_436.wav,dog_bark
/mnt/c/workspace/journal/codes/mark4_refactored/data/train/dog_bark_train_437.wav,dog_bark
/mnt/c/workspace/journal/codes/mark4_refactored/data/train/dog_bark_train_438.wav,dog_bark
/mnt/c/workspace/journal/codes/mark4_refactored/data/train/dog_bark_train_439.wav,dog_bark
/mnt/c/workspace/journal/codes/mark4_refactored/data/train/dog_bark_train_440.wav,dog_bark
/mnt/c/workspace/journal/codes/mark4_refactored/data/train/dog_bark_train_441.wav,dog_bark
/mnt/c/workspace/journal/codes/mark4_refactored/data/train/dog_bark_train_442.wav,dog_bark
/mnt/c/workspace/journal/codes/mark4_refactored/data/train/dog_bark_train_443.wav,dog_bark
/mnt/c/workspace/journal/codes/mark4_refactored/data/train/dog_bark_train_444.wav,dog_bark
/mnt/c/workspace/journal/codes/mark4_refactored/data/train/dog_bark_train_445.wav,dog_bark
/mnt/c/workspace/journal/codes/mark4_refactored/data/train/dog_bark_train_446.wav,dog_bark
/mnt/c/workspace/journal/codes/mark4_refactored/data/train/dog_bark_train_447.wav,dog_bark
/mnt/c/workspace/journal/codes/mark4_refactored/data/train/dog_bark_train_448.wav,dog_bark
/mnt/c/workspace/journal/codes/mark4_refactored/data/train/dog_bark_train_449.wav,dog_bark
/mnt/c/workspace/journal/codes/mark4_refactored/data/train/dog_bark_train_450.wav,dog_bark
/mnt/c/workspace/journal/codes/mark4_refactored/data/train/dog_bark_train_451.wav,dog_bark
/mnt/c/workspace/journal/codes/mark4_refactored/data/train/dog_bark_train_452.wav,dog_bark
/mnt/c/workspace/journal/codes/mark4_refactored/data/train/dog_bark_train_453.wav,dog_bark
/mnt/c/workspace/journal/codes/mark4_refactored/data/train/dog_bark_train_454.wav,dog_bark
/mnt/c/workspace/journal/codes/mark4_refactored/data/train/dog_bark_train_455.wav,dog_bark
/mnt/c/workspace/journal/codes/mark4_refactored/data/train/dog_bark_train_456.wav,dog_bark
/mnt/c/workspace/journal/codes/mark4_refactored/data/train/dog_bark_train_457.wav,dog_bark
/mnt/c/workspace/journal/codes/mark4_refactored/data/train/dog_bark_train_458.wav,dog_bark
/mnt/c/workspace/journal/codes/mark4_refactored/data/train/dog_bark_train_459.wav,dog_bark
/mnt/c/workspace/journal/codes/mark4_refactored/data/train/dog_bark_train_460.wav,dog_bark
/mnt/c/workspace/journal/codes/mark4_refactored/data/train/dog_bark_train_461.wav,dog_bark
/mnt/c/workspace/journal/codes/mark4_refactored/data/train/dog_bark_train_462.wav,dog_bark
/mnt/c/workspace/journal/codes/mark4_refactored/data/train/dog_bark_train_463.wav,dog_bark
/mnt/c/workspace/journal/codes/mark4_refactored/data/train/dog_bark_train_464.wav,dog_bark
/mnt/c/workspace/journal/codes/mark4_refactored/data/train/dog_bark_train_465.wav,dog_bark
/mnt/c/workspace/journal/codes/mark4_refactored/data/train/dog_bark_train_466.wav,dog_bark
/mnt/c/workspace/journal/codes/mark4_refactored/data/train/dog_bark_train_467.wav,dog_bark
/mnt/c/workspace/journal/codes/mark4_refactored/data/train/dog_bark_train_468.wav,dog_bark
/mnt/c/workspace/journal/codes/mark4_refactored/data/train/dog_bark_train_469.wav,dog_bark
/mnt/c/workspace/journal/codes/mark4_refactored/data/train/dog_bark_train_470.wav,dog_bark
/mnt/c/workspace/journal/codes/mark4_refactored/data/train/dog_bark_train_471.wav,dog_bark
/mnt/c/workspace/journal/codes/mark4_refactored/data/train/dog_bark_train_472.wav,dog_bark
/mnt/c/workspace/journal/codes/mark4_refactored/data/train/dog_bark_train_473.wav,dog_bark
/mnt/c/workspace/journal/codes/mark4_refactored/data/train/dog_bark_train_474.wav,dog_bark
/mnt/c/workspace/journal/codes/mark4_refactored/data/train/dog_bark_train_475.wav,dog_bark
/mnt/c/workspace/journal/codes/mark4_refactored/data/train/dog_bark_train_476.wav,dog_bark
/mnt/c/workspace/journal/codes/mark4_refactored/data/train/dog_bark_train_477.wav,dog_bark
/mnt/c/workspace/journal/codes/mark4_refactored/data/train/dog_bark_train_478.wav,dog_bark
/mnt/c/workspace/journal/codes/mark4_refactored/data/train/dog_bark_train_479.wav,dog_bark
/mnt/c/workspace/journal/codes/mark4_refactored/data/train/dog_bark_train_480.wav,dog_bark
/mnt/c/workspace/journal/codes/mark4_refactored/data/train/dog_bark_train_481.wav,dog_bark
/mnt/c/workspace/journal/codes/mark4_refactored/data/train/dog_bark_train_482.wav,dog_bark
/mnt/c/workspace/journal/codes/mark4_refactored/data/train/dog_bark_train_483.wav,dog_bark
/mnt/c/workspace/journal/codes/mark4_refactored/data/train/dog_bark_train_484.wav,dog_bark
/mnt/c/workspace/journal/codes/mark4_refactored/data/train/dog_bark_train_485.wav,dog_bark
/mnt/c/workspace/journal/codes/mark4_refactored/data/train/dog_bark_train_486.wav,dog_bark
/mnt/c/workspace/journal/codes/mark4_refactored/data/train/dog_bark_train_487.wav,dog_bark
/mnt/c/workspace/journal/codes/mark4_refactored/data/train/dog_bark_train_488.wav,dog_bark
/mnt/c/workspace/journal/codes/mark4_refactored/data/train/dog_bark_train_489.wav,dog_bark
/mnt/c/workspace/journal/codes/mark4_refactored/data/train/dog_bark_train_490.wav,dog_bark
/mnt/c/workspace/journal/codes/mark4_refactored/data/train/dog_bark_train_491.wav,dog_bark
/mnt/c/workspace/journal/codes/mark4_refactored/data/train/dog_bark_train_492.wav,dog_bark
/mnt/c/workspace/journal/codes/mark4_refactored/data/train/dog_bark_train_493.wav,dog_bark
/mnt/c/workspace/journal/codes/mark4_refactored/data/train/dog_bark_train_494.wav,dog_bark
/mnt/c/workspace/journal/codes/mark4_refactored/data/train/dog_bark_train_495.wav,dog_bark
/mnt/c/workspace/journal/codes/mark4_refactored/data/train/dog_bark_train_496.wav,dog_bark
/mnt/c/workspace/journal/codes/mark4_refactored/data/train/dog_bark_train_497.wav,dog_bark
/mnt/c/workspace/journal/codes/mark4_refactored/data/train/dog_bark_train_498.wav,dog_bark
/mnt/c/workspace/journal/codes/mark4_refactored/data/train/dog_bark_train_499.wav,dog_bark
/mnt/c/workspace/journal/codes/mark4_refactored/data/train/dog_bark_train_500.wav,dog_bark
/mnt/c/workspace/journal/codes/mark4_refactored/data/train/dog_bark_train_501.wav,dog_bark
/mnt/c/workspace/journal/codes/mark4_refactored/data/train/dog_bark_train_502.wav,dog_bark
/mnt/c/workspace/journal/codes/mark4_refactored/data/train/dog_bark_train_503.wav,dog_bark
/mnt/c/workspace/journal/codes/mark4_refactored/data/train/dog_bark_train_504.wav,dog_bark
/mnt/c/workspace/journal/codes/mark4_refactored/data/train/dog_bark_train_505.wav,dog_bark
/mnt/c/workspace/journal/codes/mark4_refactored/data/train/dog_bark_train_506.wav,dog_bark
/mnt/c/workspace/journal/codes/mark4_refactored/data/train/dog_bark_train_507.wav,dog_bark
/mnt/c/workspace/journal/codes/mark4_refactored/data/train/dog_bark_train_508.wav,dog_bark
/mnt/c/workspace/journal/codes/mark4_refactored/data/train/dog_bark_train_509.wav,dog_bark
/mnt/c/workspace/journal/codes/mark4_refactored/data/train/dog_bark_train_510.wav,dog_bark
/mnt/c/workspace/journal/codes/mark4_refactored/data/train/dog_bark_train_511.wav,dog_bark
/mnt/c/workspace/journal/codes/mark4_refactored/data/train/dog_bark_train_512.wav,dog_bark
/mnt/c/workspace/journal/codes/mark4_refactored/data/train/dog_bark_train_513.wav,dog_bark
/mnt/c/workspace/journal/codes/mark4_refactored/data/train/dog_bark_train_514.wav,dog_bark
/mnt/c/workspace/journal/codes/mark4_refactored/data/train/dog_bark_train_515.wav,dog_bark
/mnt/c/workspace/journal/codes/mark4_refactored/data/train/dog_bark_train_516.wav,dog_bark
/mnt/c/workspace/journal/codes/mark4_refactored/data/train/dog_bark_train_517.wav,dog_bark
/mnt/c/workspace/journal/codes/mark4_refactored/data/train/dog_bark_train_518.wav,dog_bark
/mnt/c/workspace/journal/codes/mark4_refactored/data/train/dog_bark_train_519.wav,dog_bark
/mnt/c/workspace/journal/codes/mark4_refactored/data/train/dog_bark_train_520.wav,dog_bark
/mnt/c/workspace/journal/codes/mark4_refactored/data/train/dog_bark_train_521.wav,dog_bark
/mnt/c/workspace/journal/codes/mark4_refactored/data/train/dog_bark_train_522.wav,dog_bark
/mnt/c/workspace/journal/codes/mark4_refactored/data/train/dog_bark_train_523.wav,dog_bark
/mnt/c/workspace/journal/codes/mark4_refactored/data/train/dog_bark_train_524.wav,dog_bark
/mnt/c/workspace/journal/codes/mark4_refactored/data/train/dog_bark_train_525.wav,dog_bark
/mnt/c/workspace/journal/codes/mark4_refactored/data/train/dog_bark_train_526.wav,dog_bark
/mnt/c/workspace/journal/codes/mark4_refactored/data/train/dog_bark_train_527.wav,dog_bark
/mnt/c/workspace/journal/codes/mark4_refactored/data/train/dog_bark_train_528.wav,dog_bark
/mnt/c/workspace/journal/codes/mark4_refactored/data/train/dog_bark_train_529.wav,dog_bark
/mnt/c/workspace/journal/codes/mark4_refactored/data/train/dog_bark_train_530.wav,dog_bark
/mnt/c/workspace/journal/codes/mark4_refactored/data/train/dog_bark_train_531.wav,dog_bark
/mnt/c/workspace/journal/codes/mark4_refactored/data/train/dog_bark_train_532.wav,dog_bark
/mnt/c/workspace/journal/codes/mark4_refactored/data/train/dog_bark_train_533.wav,dog_bark
/mnt/c/workspace/journal/codes/mark4_refactored/data/train/dog_bark_train_534.wav,dog_bark
/mnt/c/workspace/journal/codes/mark4_refactored/data/train/dog_bark_train_535.wav,dog_bark
/mnt/c/workspace/journal/codes/mark4_refactored/data/train/dog_bark_train_536.wav,dog_bark
/mnt/c/workspace/journal/codes/mark4_refactored/data/train/dog_bark_train_537.wav,dog_bark
/mnt/c/workspace/journal/codes/mark4_refactored/data/train/dog_bark_train_538.wav,dog_bark
/mnt/c/workspace/journal/codes/mark4_refactored/data/train/dog_bark_train_539.wav,dog_bark
/mnt/c/workspace/journal/codes/mark4_refactored/data/train/dog_bark_train_540.wav,dog_bark
/mnt/c/workspace/journal/codes/mark4_refactored/data/train/dog_bark_train_541.wav,dog_bark
/mnt/c/workspace/journal/codes/mark4_refactored/data/train/dog_bark_train_542.wav,dog_bark
/mnt/c/workspace/journal/codes/mark4_refactored/data/train/dog_bark_train_543.wav,dog_bark
/mnt/c/workspace/journal/codes/mark4_refactored/data/train/dog_bark_train_544.wav,dog_bark
/mnt/c/workspace/journal/codes/mark4_refactored/data/train/dog_bark_train_545.wav,dog_bark
/mnt/c/workspace/journal/codes/mark4_refactored/data/train/dog_bark_train_546.wav,dog_bark
/mnt/c/workspace/journal/codes/mark4_refactored/data/train/dog_bark_train_547.wav,dog_bark
/mnt/c/workspace/journal/codes/mark4_refactored/data/train/dog_bark_train_548.wav,dog_bark
/mnt/c/workspace/journal/codes/mark4_refactored/data/train/dog_bark_train_549.wav,dog_bark
/mnt/c/workspace/journal/codes/mark4_refactored/data/train/dog_bark_train_550.wav,dog_bark
/mnt/c/workspace/journal/codes/mark4_refactored/data/train/dog_bark_train_551.wav,dog_bark
/mnt/c/workspace/journal/codes/mark4_refactored/data/train/dog_bark_train_552.wav,dog_bark
/mnt/c/workspace/journal/codes/mark4_refactored/data/train/dog_bark_train_553.wav,dog_bark
/mnt/c/workspace/journal/codes/mark4_refactored/data/train/dog_bark_train_554.wav,dog_bark
/mnt/c/workspace/journal/codes/mark4_refactored/data/train/dog_bark_train_555.wav,dog_bark
/mnt/c/workspace/journal/codes/mark4_refactored/data/train/dog_bark_train_556.wav,dog_bark
/mnt/c/workspace/journal/codes/mark4_refactored/data/train/dog_bark_train_557.wav,dog_bark
/mnt/c/workspace/journal/codes/mark4_refactored/data/train/dog_bark_train_558.wav,dog_bark
/mnt/c/workspace/journal/codes/mark4_refactored/data/train/dog_bark_train_559.wav,dog_bark
/mnt/c/workspace/journal/codes/mark4_refactored/data/train/dog_bark_train_560.wav,dog_bark
/mnt/c/workspace/journal/codes/mark4_refactored/data/train/dog_bark_train_561.wav,dog_bark
/mnt/c/workspace/journal/codes/mark4_refactored/data/train/dog_bark_train_562.wav,dog_bark
/mnt/c/workspace/journal/codes/mark4_refactored/data/train/dog_bark_train_563.wav,dog_bark
/mnt/c/workspace/journal/codes/mark4_refactored/data/train/dog_bark_train_564.wav,dog_bark
/mnt/c/workspace/journal/codes/mark4_refactored/data/train/dog_bark_train_565.wav,dog_bark
/mnt/c/workspace/journal/codes/mark4_refactored/data/train/dog_bark_train_566.wav,dog_bark
/mnt/c/workspace/journal/codes/mark4_refactored/data/train/dog_bark_train_567.wav,dog_bark
/mnt/c/workspace/journal/codes/mark4_refactored/data/train/dog_bark_train_568.wav,dog_bark
/mnt/c/workspace/journal/codes/mark4_refactored/data/train/dog_bark_train_569.wav,dog_bark
/mnt/c/workspace/journal/codes/mark4_refactored/data/train/dog_bark_train_570.wav,dog_bark
/mnt/c/workspace/journal/codes/mark4_refactored/data/train/dog_bark_train_571.wav,dog_bark
/mnt/c/workspace/journal/codes/mark4_refactored/data/train/dog_bark_train_572.wav,dog_bark
/mnt/c/workspace/journal/codes/mark4_refactored/data/train/dog_bark_train_573.wav,dog_bark
/mnt/c/workspace/journal/codes/mark4_refactored/data/train/dog_bark_train_574.wav,dog_bark
/mnt/c/workspace/journal/codes/mark4_refactored/data/train/dog_bark_train_575.wav,dog_bark
/mnt/c/workspace/journal/codes/mark4_refactored/data/train/dog_bark_train_576.wav,dog_bark
/mnt/c/workspace/journal/codes/mark4_refactored/data/train/dog_bark_train_577.wav,dog_bark
/mnt/c/workspace/journal/codes/mark4_refactored/data/train/dog_bark_train_578.wav,dog_bark
/mnt/c/workspace/journal/codes/mark4_refactored/data/train/dog_bark_train_579.wav,dog_bark
/mnt/c/workspace/journal/codes/mark4_refactored/data/train/dog_bark_train_580.wav,dog_bark
/mnt/c/workspace/journal/codes/mark4_refactored/data/train/dog_bark_train_581.wav,dog_bark
/mnt/c/workspace/journal/codes/mark4_refactored/data/train/dog_bark_train_582.wav,dog_bark
/mnt/c/workspace/journal/codes/mark4_refactored/data/train/dog_bark_train_583.wav,dog_bark
/mnt/c/workspace/journal/codes/mark4_refactored/data/train/dog_bark_train_584.wav,dog_bark
/mnt/c/workspace/journal/codes/mark4_refactored/data/train/dog_bark_train_585.wav,dog_bark
/mnt/c/workspace/journal/codes/mark4_refactored/data/train/dog_bark_train_586.wav,dog_bark
/mnt/c/workspace/journal/codes/mark4_refactored/data/train/dog_bark_train_587.wav,dog_bark
/mnt/c/workspace/journal/codes/mark4_refactored/data/train/dog_bark_train_588.wav,dog_bark
/mnt/c/workspace/journal/codes/mark4_refactored/data/train/dog_bark_train_589.wav,dog_bark
/mnt/c/workspace/journal/codes/mark4_refactored/data/train/dog_bark_train_590.wav,dog_bark
/mnt/c/workspace/journal/codes/mark4_refactored/data/train/dog_bark_train_591.wav,dog_bark
/mnt/c/workspace/journal/codes/mark4_refactored/data/train/dog_bark_train_592.wav,dog_bark
/mnt/c/workspace/journal/codes/mark4_refactored/data/train/dog_bark_train_593.wav,dog_bark
/mnt/c/workspace/journal/codes/mark4_refactored/data/train/dog_bark_train_594.wav,dog_bark
/mnt/c/workspace/journal/codes/mark4_refactored/data/train/dog_bark_train_595.wav,dog_bark
/mnt/c/workspace/journal/codes/mark4_refactored/data/train/dog_bark_train_596.wav,dog_bark
/mnt/c/workspace/journal/codes/mark4_refactored/data/train/dog_bark_train_597.wav,dog_bark
/mnt/c/workspace/journal/codes/mark4_refactored/data/train/dog_bark_train_598.wav,dog_bark
/mnt/c/workspace/journal/codes/mark4_refactored/data/train/dog_bark_train_599.wav,dog_bark
/mnt/c/workspace/journal/codes/mark4_refactored/data/train/dog_bark_train_600.wav,dog_bark
/mnt/c/workspace/journal/codes/mark4_refactored/data/train/dog_bark_train_601.wav,dog_bark
/mnt/c/workspace/journal/codes/mark4_refactored/data/train/dog_bark_train_602.wav,dog_bark
/mnt/c/workspace/journal/codes/mark4_refactored/data/train/dog_bark_train_603.wav,dog_bark
/mnt/c/workspace/journal/codes/mark4_refactored/data/train/dog_bark_train_604.wav,dog_bark
/mnt/c/workspace/journal/codes/mark4_refactored/data/train/dog_bark_train_605.wav,dog_bark
/mnt/c/workspace/journal/codes/mark4_refactored/data/train/dog_bark_train_606.wav,dog_bark
/mnt/c/workspace/journal/codes/mark4_refactored/data/train/dog_bark_train_607.wav,dog_bark
/mnt/c/workspace/journal/codes/mark4_refactored/data/train/dog_bark_train_608.wav,dog_bark
/mnt/c/workspace/journal/codes/mark4_refactored/data/train/dog_bark_train_609.wav,dog_bark
/mnt/c/workspace/journal/codes/mark4_refactored/data/train/dog_bark_train_610.wav,dog_bark
/mnt/c/workspace/journal/codes/mark4_refactored/data/train/dog_bark_train_611.wav,dog_bark
/mnt/c/workspace/journal/codes/mark4_refactored/data/train/dog_bark_train_612.wav,dog_bark
/mnt/c/workspace/journal/codes/mark4_refactored/data/train/dog_bark_train_613.wav,dog_bark
/mnt/c/workspace/journal/codes/mark4_refactored/data/train/dog_bark_train_614.wav,dog_bark
/mnt/c/workspace/journal/codes/mark4_refactored/data/train/dog_bark_train_615.wav,dog_bark
/mnt/c/workspace/journal/codes/mark4_refactored/data/train/dog_bark_train_616.wav,dog_bark
/mnt/c/workspace/journal/codes/mark4_refactored/data/train/dog_bark_train_617.wav,dog_bark
/mnt/c/workspace/journal/codes/mark4_refactored/data/train/dog_bark_train_618.wav,dog_bark
/mnt/c/workspace/journal/codes/mark4_refactored/data/train/dog_bark_train_619.wav,dog_bark
/mnt/c/workspace/journal/codes/mark4_refactored/data/train/dog_bark_train_620.wav,dog_bark
/mnt/c/workspace/journal/codes/mark4_refactored/data/train/dog_bark_train_621.wav,dog_bark
/mnt/c/workspace/journal/codes/mark4_refactored/data/train/dog_bark_train_622.wav,dog_bark
/mnt/c/workspace/journal/codes/mark4_refactored/data/train/dog_bark_train_623.wav,dog_bark
/mnt/c/workspace/journal/codes/mark4_refactored/data/train/dog_bark_train_624.wav,dog_bark
/mnt/c/workspace/journal/codes/mark4_refactored/data/train/dog_bark_train_625.wav,dog_bark
/mnt/c/workspace/journal/codes/mark4_refactored/data/train/dog_bark_train_626.wav,dog_bark
/mnt/c/workspace/journal/codes/mark4_refactored/data/train/dog_bark_train_627.wav,dog_bark
/mnt/c/workspace/journal/codes/mark4_refactored/data/train/dog_bark_train_628.wav,dog_bark
/mnt/c/workspace/journal/codes/mark4_refactored/data/train/dog_bark_train_629.wav,dog_bark
/mnt/c/workspace/journal/codes/mark4_refactored/data/train/dog_bark_train_630.wav,dog_bark
/mnt/c/workspace/journal/codes/mark4_refactored/data/train/dog_bark_train_631.wav,dog_bark
/mnt/c/workspace/journal/codes/mark4_refactored/data/train/dog_bark_train_632.wav,dog_bark
/mnt/c/workspace/journal/codes/mark4_refactored/data/train/dog_bark_train_633.wav,dog_bark
/mnt/c/workspace/journal/codes/mark4_refactored/data/train/dog_bark_train_634.wav,dog_bark
/mnt/c/workspace/journal/codes/mark4_refactored/data/train/dog_bark_train_635.wav,dog_bark
/mnt/c/workspace/journal/codes/mark4_refactored/data/train/dog_bark_train_636.wav,dog_bark
/mnt/c/workspace/journal/codes/mark4_refactored/data/train/dog_bark_train_637.wav,dog_bark
/mnt/c/workspace/journal/codes/mark4_refactored/data/train/dog_bark_train_638.wav,dog_bark
/mnt/c/workspace/journal/codes/mark4_refactored/data/train/dog_bark_train_639.wav,dog_bark
/mnt/c/workspace/journal/codes/mark4_refactored/data/train/dog_bark_train_640.wav,dog_bark
/mnt/c/workspace/journal/codes/mark4_refactored/data/train/dog_bark_train_641.wav,dog_bark
/mnt/c/workspace/journal/codes/mark4_refactored/data/train/dog_bark_train_642.wav,dog_bark
/mnt/c/workspace/journal/codes/mark4_refactored/data/train/dog_bark_train_643.wav,dog_bark
/mnt/c/workspace/journal/codes/mark4_refactored/data/train/dog_bark_train_644.wav,dog_bark
/mnt/c/workspace/journal/codes/mark4_refactored/data/train/dog_bark_train_645.wav,dog_bark
/mnt/c/workspace/journal/codes/mark4_refactored/data/train/dog_bark_train_646.wav,dog_bark
/mnt/c/workspace/journal/codes/mark4_refactored/data/train/dog_bark_train_647.wav,dog_bark
/mnt/c/workspace/journal/codes/mark4_refactored/data/train/dog_bark_train_648.wav,dog_bark
/mnt/c/workspace/journal/codes/mark4_refactored/data/train/dog_bark_train_649.wav,dog_bark
/mnt/c/workspace/journal/codes/mark4_refactored/data/train/dog_bark_train_650.wav,dog_bark
/mnt/c/workspace/journal/codes/mark4_refactored/data/train/dog_bark_train_651.wav,dog_bark
/mnt/c/workspace/journal/codes/mark4_refactored/data/train/dog_bark_train_652.wav,dog_bark
/mnt/c/workspace/journal/codes/mark4_refactored/data/train/dog_bark_train_653.wav,dog_bark
/mnt/c/workspace/journal/codes/mark4_refactored/data/train/dog_bark_train_654.wav,dog_bark
/mnt/c/workspace/journal/codes/mark4_refactored/data/train/dog_bark_train_655.wav,dog_bark
/mnt/c/workspace/journal/codes/mark4_refactored/data/train/dog_bark_train_656.wav,dog_bark
/mnt/c/workspace/journal/codes/mark4_refactored/data/train/dog_bark_train_657.wav,dog_bark
/mnt/c/workspace/journal/codes/mark4_refactored/data/train/dog_bark_train_658.wav,dog_bark
/mnt/c/workspace/journal/codes/mark4_refactored/data/train/dog_bark_train_659.wav,dog_bark
/mnt/c/workspace/journal/codes/mark4_refactored/data/train/dog_bark_train_660.wav,dog_bark
/mnt/c/workspace/journal/codes/mark4_refactored/data/train/dog_bark_train_661.wav,dog_bark
/mnt/c/workspace/journal/codes/mark4_refactored/data/train/dog_bark_train_662.wav,dog_bark
/mnt/c/workspace/journal/codes/mark4_refactored/data/train/dog_bark_train_663.wav,dog_bark
/mnt/c/workspace/journal/codes/mark4_refactored/data/train/dog_bark_train_664.wav,dog_bark
/mnt/c/workspace/journal/codes/mark4_refactored/data/train/dog_bark_train_665.wav,dog_bark
/mnt/c/workspace/journal/codes/mark4_refactored/data/train/dog_bark_train_666.wav,dog_bark
/mnt/c/workspace/journal/codes/mark4_refactored/data/train/dog_bark_train_667.wav,dog_bark
/mnt/c/workspace/journal/codes/mark4_refactored/data/train/dog_bark_train_668.wav,dog_bark
/mnt/c/workspace/journal/codes/mark4_refactored/data/train/dog_bark_train_669.wav,dog_bark
/mnt/c/workspace/journal/codes/mark4_refactored/data/train/dog_bark_train_670.wav,dog_bark
/mnt/c/workspace/journal/codes/mark4_refactored/data/train/dog_bark_train_671.wav,dog_bark
/mnt/c/workspace/journal/codes/mark4_refactored/data/train/dog_bark_train_672.wav,dog_bark
/mnt/c/workspace/journal/codes/mark4_refactored/data/train/dog_bark_train_673.wav,dog_bark
/mnt/c/workspace/journal/codes/mark4_refactored/data/train/dog_bark_train_674.wav,dog_bark
/mnt/c/workspace/journal/codes/mark4_refactored/data/train/dog_bark_train_675.wav,dog_bark
/mnt/c/workspace/journal/codes/mark4_refactored/data/train/dog_bark_train_676.wav,dog_bark
/mnt/c/workspace/journal/codes/mark4_refactored/data/train/dog_bark_train_677.wav,dog_bark
/mnt/c/workspace/journal/codes/mark4_refactored/data/train/dog_bark_train_678.wav,dog_bark
/mnt/c/workspace/journal/codes/mark4_refactored/data/train/dog_bark_train_679.wav,dog_bark
/mnt/c/workspace/journal/codes/mark4_refactored/data/train/dog_bark_train_680.wav,dog_bark
/mnt/c/workspace/journal/codes/mark4_refactored/data/train/dog_bark_train_681.wav,dog_bark
/mnt/c/workspace/journal/codes/mark4_refactored/data/train/dog_bark_train_682.wav,dog_bark
/mnt/c/workspace/journal/codes/mark4_refactored/data/train/dog_bark_train_683.wav,dog_bark
/mnt/c/workspace/journal/codes/mark4_refactored/data/train/dog_bark_train_684.wav,dog_bark
/mnt/c/workspace/journal/codes/mark4_refactored/data/train/dog_bark_train_685.wav,dog_bark
/mnt/c/workspace/journal/codes/mark4_refactored/data/train/dog_bark_train_686.wav,dog_bark
/mnt/c/workspace/journal/codes/mark4_refactored/data/train/dog_bark_train_687.wav,dog_bark
/mnt/c/workspace/journal/codes/mark4_refactored/data/train/dog_bark_train_688.wav,dog_bark
/mnt/c/workspace/journal/codes/mark4_refactored/data/train/dog_bark_train_689.wav,dog_bark
/mnt/c/workspace/journal/codes/mark4_refactored/data/train/dog_bark_train_690.wav,dog_bark
/mnt/c/workspace/journal/codes/mark4_refactored/data/train/dog_bark_train_691.wav,dog_bark
/mnt/c/workspace/journal/codes/mark4_refactored/data/train/dog_bark_train_692.wav,dog_bark
/mnt/c/workspace/journal/codes/mark4_refactored/data/train/dog_bark_train_693.wav,dog_bark
/mnt/c/workspace/journal/codes/mark4_refactored/data/train/dog_bark_train_694.wav,dog_bark
/mnt/c/workspace/journal/codes/mark4_refactored/data/train/dog_bark_train_695.wav,dog_bark
/mnt/c/workspace/journal/codes/mark4_refactored/data/train/dog_bark_train_696.wav,dog_bark
/mnt/c/workspace/journal/codes/mark4_refactored/data/train/dog_bark_train_697.wav,dog_bark
/mnt/c/workspace/journal/codes/mark4_refactored/data/train/dog_bark_train_698.wav,dog_bark
/mnt/c/workspace/journal/codes/mark4_refactored/data/train/dog_bark_train_699.wav,dog_bark
/mnt/c/workspace/journal/codes/mark4_refactored/data/train/dog_bark_train_700.wav,dog_bark
/mnt/c/workspace/journal/codes/mark4_refactored/data/train/dog_bark_train_701.wav,dog_bark
/mnt/c/workspace/journal/codes/mark4_refactored/data/train/dog_bark_train_702.wav,dog_bark
/mnt/c/workspace/journal/codes/mark4_refactored/data/train/dog_bark_train_703.wav,dog_bark
/mnt/c/workspace/journal/codes/mark4_refactored/data/train/dog_bark_train_704.wav,dog_bark
/mnt/c/workspace/journal/codes/mark4_refactored/data/train/dog_bark_train_705.wav,dog_bark
/mnt/c/workspace/journal/codes/mark4_refactored/data/train/dog_bark_train_706.wav,dog_bark
/mnt/c/workspace/journal/codes/mark4_refactored/data/train/dog_bark_train_707.wav,dog_bark
/mnt/c/workspace/journal/codes/mark4_refactored/data/train/dog_bark_train_708.wav,dog_bark
/mnt/c/workspace/journal/codes/mark4_refactored/data/train/dog_bark_train_709.wav,dog_bark
/mnt/c/workspace/journal/codes/mark4_refactored/data/train/dog_bark_train_710.wav,dog_bark
/mnt/c/workspace/journal/codes/mark4_refactored/data/train/dog_bark_train_711.wav,dog_bark
/mnt/c/workspace/journal/codes/mark4_refactored/data/train/dog_bark_train_712.wav,dog_bark
/mnt/c/workspace/journal/codes/mark4_refactored/data/train/dog_bark_train_713.wav,dog_bark
/mnt/c/workspace/journal/codes/mark4_refactored/data/train/dog_bark_train_714.wav,dog_bark
/mnt/c/workspace/journal/codes/mark4_refactored/data/train/dog_bark_train_715.wav,dog_bark
/mnt/c/workspace/journal/codes/mark4_refactored/data/train/dog_bark_train_716.wav,dog_bark
/mnt/c/workspace/journal/codes/mark4_refactored/data/train/dog_bark_train_717.wav,dog_bark
/mnt/c/workspace/journal/codes/mark4_refactored/data/train/dog_bark_train_718.wav,dog_bark
/mnt/c/workspace/journal/codes/mark4_refactored/data/train/dog_bark_train_719.wav,dog_bark
/mnt/c/workspace/journal/codes/mark4_refactored/data/train/dog_bark_train_720.wav,dog_bark
/mnt/c/workspace/journal/codes/mark4_refactored/data/train/dog_bark_train_721.wav,dog_bark
/mnt/c/workspace/journal/codes/mark4_refactored/data/train/dog_bark_train_722.wav,dog_bark
/mnt/c/workspace/journal/codes/mark4_refactored/data/train/dog_bark_train_723.wav,dog_bark
/mnt/c/workspace/journal/codes/mark4_refactored/data/train/dog_bark_train_724.wav,dog_bark
/mnt/c/workspace/journal/codes/mark4_refactored/data/train/dog_bark_train_725.wav,dog_bark
/mnt/c/workspace/journal/codes/mark4_refactored/data/train/dog_bark_train_726.wav,dog_bark
/mnt/c/workspace/journal/codes/mark4_refactored/data/train/dog_bark_train_727.wav,dog_bark
/mnt/c/workspace/journal/codes/mark4_refactored/data/train/dog_bark_train_728.wav,dog_bark
/mnt/c/workspace/journal/codes/mark4_refactored/data/train/dog_bark_train_729.wav,dog_bark
/mnt/c/workspace/journal/codes/mark4_refactored/data/train/dog_bark_train_730.wav,dog_bark
/mnt/c/workspace/journal/codes/mark4_refactored/data/train/dog_bark_train_731.wav,dog_bark
/mnt/c/workspace/journal/codes/mark4_refactored/data/train/dog_bark_train_732.wav,dog_bark
/mnt/c/workspace/journal/codes/mark4_refactored/data/train/dog_bark_train_733.wav,dog_bark
/mnt/c/workspace/journal/codes/mark4_refactored/data/train/dog_bark_train_734.wav,dog_bark
/mnt/c/workspace/journal/codes/mark4_refactored/data/train/dog_bark_train_735.wav,dog_bark
/mnt/c/workspace/journal/codes/mark4_refactored/data/train/dog_bark_train_736.wav,dog_bark
/mnt/c/workspace/journal/codes/mark4_refactored/data/train/dog_bark_train_737.wav,dog_bark
/mnt/c/workspace/journal/codes/mark4_refactored/data/train/dog_bark_train_738.wav,dog_bark
/mnt/c/workspace/journal/codes/mark4_refactored/data/train/dog_bark_train_739.wav,dog_bark
/mnt/c/workspace/journal/codes/mark4_refactored/data/train/dog_bark_train_740.wav,dog_bark
/mnt/c/workspace/journal/codes/mark4_refactored/data/train/dog_bark_train_741.wav,dog_bark
/mnt/c/workspace/journal/codes/mark4_refactored/data/train/dog_bark_train_742.wav,dog_bark
/mnt/c/workspace/journal/codes/mark4_refactored/data/train/dog_bark_train_743.wav,dog_bark
/mnt/c/workspace/journal/codes/mark4_refactored/data/train/dog_bark_train_744.wav,dog_bark
/mnt/c/workspace/journal/codes/mark4_refactored/data/train/dog_bark_train_745.wav,dog_bark
/mnt/c/workspace/journal/codes/mark4_refactored/data/train/dog_bark_train_746.wav,dog_bark
/mnt/c/workspace/journal/codes/mark4_refactored/data/train/dog_bark_train_747.wav,dog_bark
/mnt/c/workspace/journal/codes/mark4_refactored/data/train/dog_bark_train_748.wav,dog_bark
/mnt/c/workspace/journal/codes/mark4_refactored/data/train/dog_bark_train_749.wav,dog_bark
/mnt/c/workspace/journal/codes/mark4_refactored/data/train/dog_bark_train_750.wav,dog_bark
/mnt/c/workspace/journal/codes/mark4_refactored/data/train/dog_bark_train_751.wav,dog_bark
/mnt/c/workspace/journal/codes/mark4_refactored/data/train/dog_bark_train_752.wav,dog_bark
/mnt/c/workspace/journal/codes/mark4_refactored/data/train/dog_bark_train_753.wav,dog_bark
/mnt/c/workspace/journal/codes/mark4_refactored/data/train/dog_bark_train_754.wav,dog_bark
/mnt/c/workspace/journal/codes/mark4_refactored/data/train/dog_bark_train_755.wav,dog_bark
/mnt/c/workspace/journal/codes/mark4_refactored/data/train/dog_bark_train_756.wav,dog_bark
/mnt/c/workspace/journal/codes/mark4_refactored/data/train/dog_bark_train_757.wav,dog_bark
/mnt/c/workspace/journal/codes/mark4_refactored/data/train/dog_bark_train_758.wav,dog_bark
/mnt/c/workspace/journal/codes/mark4_refactored/data/train/dog_bark_train_759.wav,dog_bark
/mnt/c/workspace/journal/codes/mark4_refactored/data/train/dog_bark_train_760.wav,dog_bark
/mnt/c/workspace/journal/codes/mark4_refactored/data/train/dog_bark_train_761.wav,dog_bark
/mnt/c/workspace/journal/codes/mark4_refactored/data/train/dog_bark_train_762.wav,dog_bark
/mnt/c/workspace/journal/codes/mark4_refactored/data/train/dog_bark_train_763.wav,dog_bark
/mnt/c/workspace/journal/codes/mark4_refactored/data/train/dog_bark_train_764.wav,dog_bark
/mnt/c/workspace/journal/codes/mark4_refactored/data/train/dog_bark_train_765.wav,dog_bark
/mnt/c/workspace/journal/codes/mark4_refactored/data/train/dog_bark_train_766.wav,dog_bark
/mnt/c/workspace/journal/codes/mark4_refactored/data/train/dog_bark_train_767.wav,dog_bark
/mnt/c/workspace/journal/codes/mark4_refactored/data/train/dog_bark_train_768.wav,dog_bark
/mnt/c/workspace/journal/codes/mark4_refactored/data/train/dog_bark_train_769.wav,dog_bark
/mnt/c/workspace/journal/codes/mark4_refactored/data/train/dog_bark_train_770.wav,dog_bark
/mnt/c/workspace/journal/codes/mark4_refactored/data/train/dog_bark_train_771.wav,dog_bark
/mnt/c/workspace/journal/codes/mark4_refactored/data/train/dog_bark_train_772.wav,dog_bark
/mnt/c/workspace/journal/codes/mark4_refactored/data/train/dog_bark_train_773.wav,dog_bark
/mnt/c/workspace/journal/codes/mark4_refactored/data/train/dog_bark_train_774.wav,dog_bark
/mnt/c/workspace/journal/codes/mark4_refactored/data/train/dog_bark_train_775.wav,dog_bark
/mnt/c/workspace/journal/codes/mark4_refactored/data/train/dog_bark_train_776.wav,dog_bark
/mnt/c/workspace/journal/codes/mark4_refactored/data/train/dog_bark_train_777.wav,dog_bark
/mnt/c/workspace/journal/codes/mark4_refactored/data/train/dog_bark_train_778.wav,dog_bark
/mnt/c/workspace/journal/codes/mark4_refactored/data/train/dog_bark_train_779.wav,dog_bark
/mnt/c/workspace/journal/codes/mark4_refactored/data/train/dog_bark_train_780.wav,dog_bark
/mnt/c/workspace/journal/codes/mark4_refactored/data/train/dog_bark_train_781.wav,dog_bark
/mnt/c/workspace/journal/codes/mark4_refactored/data/train/dog_bark_train_aug_001.wav,dog_bark
/mnt/c/workspace/journal/codes/mark4_refactored/data/train/dog_bark_train_aug_002.wav,dog_bark
/mnt/c/workspace/journal/codes/mark4_refactored/data/train/dog_bark_train_aug_003.wav,dog_bark
/mnt/c/workspace/journal/codes/mark4_refactored/data/train/dog_bark_train_aug_004.wav,dog_bark
/mnt/c/workspace/journal/codes/mark4_refactored/data/train/dog_bark_train_aug_005.wav,dog_bark
/mnt/c/workspace/journal/codes/mark4_refactored/data/train/dog_bark_train_aug_006.wav,dog_bark
/mnt/c/workspace/journal/codes/mark4_refactored/data/train/dog_bark_train_aug_007.wav,dog_bark
/mnt/c/workspace/journal/codes/mark4_refactored/data/train/dog_bark_train_aug_008.wav,dog_bark
/mnt/c/workspace/journal/codes/mark4_refactored/data/train/dog_bark_train_aug_009.wav,dog_bark
/mnt/c/workspace/journal/codes/mark4_refactored/data/train/dog_bark_train_aug_010.wav,dog_bark
/mnt/c/workspace/journal/codes/mark4_refactored/data/train/dog_bark_train_aug_011.wav,dog_bark
/mnt/c/workspace/journal/codes/mark4_refactored/data/train/dog_bark_train_aug_012.wav,dog_bark
/mnt/c/workspace/journal/codes/mark4_refactored/data/train/dog_bark_train_aug_013.wav,dog_bark
/mnt/c/workspace/journal/codes/mark4_refactored/data/train/dog_bark_train_aug_014.wav,dog_bark
/mnt/c/workspace/journal/codes/mark4_refactored/data/train/dog_bark_train_aug_015.wav,dog_bark
/mnt/c/workspace/journal/codes/mark4_refactored/data/train/dog_bark_train_aug_016.wav,dog_bark
/mnt/c/workspace/journal/codes/mark4_refactored/data/train/dog_bark_train_aug_017.wav,dog_bark
/mnt/c/workspace/journal/codes/mark4_refactored/data/train/dog_bark_train_aug_018.wav,dog_bark
/mnt/c/workspace/journal/codes/mark4_refactored/data/train/dog_bark_train_aug_019.wav,dog_bark
/mnt/c/workspace/journal/codes/mark4_refactored/data/train/dog_bark_train_aug_020.wav,dog_bark
/mnt/c/workspace/journal/codes/mark4_refactored/data/train/dog_bark_train_aug_021.wav,dog_bark
/mnt/c/workspace/journal/codes/mark4_refactored/data/train/dog_bark_train_aug_022.wav,dog_bark
/mnt/c/workspace/journal/codes/mark4_refactored/data/train/dog_bark_train_aug_023.wav,dog_bark
/mnt/c/workspace/journal/codes/mark4_refactored/data/train/dog_bark_train_aug_024.wav,dog_bark
/mnt/c/workspace/journal/codes/mark4_refactored/data/train/dog_bark_train_aug_025.wav,dog_bark
/mnt/c/workspace/journal/codes/mark4_refactored/data/train/dog_bark_train_aug_026.wav,dog_bark
/mnt/c/workspace/journal/codes/mark4_refactored/data/train/dog_bark_train_aug_027.wav,dog_bark
/mnt/c/workspace/journal/codes/mark4_refactored/data/train/dog_bark_train_aug_028.wav,dog_bark
/mnt/c/workspace/journal/codes/mark4_refactored/data/train/dog_bark_train_aug_029.wav,dog_bark
/mnt/c/workspace/journal/codes/mark4_refactored/data/train/dog_bark_train_aug_030.wav,dog_bark
/mnt/c/workspace/journal/codes/mark4_refactored/data/train/dog_bark_train_aug_031.wav,dog_bark
/mnt/c/workspace/journal/codes/mark4_refactored/data/train/dog_bark_train_aug_032.wav,dog_bark
/mnt/c/workspace/journal/codes/mark4_refactored/data/train/dog_bark_train_aug_033.wav,dog_bark
/mnt/c/workspace/journal/codes/mark4_refactored/data/train/dog_bark_train_aug_034.wav,dog_bark
/mnt/c/workspace/journal/codes/mark4_refactored/data/train/dog_bark_train_aug_035.wav,dog_bark
/mnt/c/workspace/journal/codes/mark4_refactored/data/train/dog_bark_train_aug_036.wav,dog_bark
/mnt/c/workspace/journal/codes/mark4_refactored/data/train/dog_bark_train_aug_037.wav,dog_bark
/mnt/c/workspace/journal/codes/mark4_refactored/data/train/dog_bark_train_aug_038.wav,dog_bark
/mnt/c/workspace/journal/codes/mark4_refactored/data/train/dog_bark_train_aug_039.wav,dog_bark
/mnt/c/workspace/journal/codes/mark4_refactored/data/train/dog_bark_train_aug_040.wav,dog_bark
/mnt/c/workspace/journal/codes/mark4_refactored/data/train/dog_bark_train_aug_041.wav,dog_bark
/mnt/c/workspace/journal/codes/mark4_refactored/data/train/dog_bark_train_aug_042.wav,dog_bark
/mnt/c/workspace/journal/codes/mark4_refactored/data/train/dog_bark_train_aug_043.wav,dog_bark
/mnt/c/workspace/journal/codes/mark4_refactored/data/train/dog_bark_train_aug_044.wav,dog_bark
/mnt/c/workspace/journal/codes/mark4_refactored/data/train/dog_bark_train_aug_045.wav,dog_bark
/mnt/c/workspace/journal/codes/mark4_refactored/data/train/dog_bark_train_aug_046.wav,dog_bark
/mnt/c/workspace/journal/codes/mark4_refactored/data/train/dog_bark_train_aug_047.wav,dog_bark
/mnt/c/workspace/journal/codes/mark4_refactored/data/train/dog_bark_train_aug_048.wav,dog_bark
/mnt/c/workspace/journal/codes/mark4_refactored/data/train/dog_bark_train_aug_049.wav,dog_bark
/mnt/c/workspace/journal/codes/mark4_refactored/data/train/dog_bark_train_aug_050.wav,dog_bark
/mnt/c/workspace/journal/codes/mark4_refactored/data/train/dog_bark_train_aug_051.wav,dog_bark
/mnt/c/workspace/journal/codes/mark4_refactored/data/train/dog_bark_train_aug_052.wav,dog_bark
/mnt/c/workspace/journal/codes/mark4_refactored/data/train/dog_bark_train_aug_053.wav,dog_bark
/mnt/c/workspace/journal/codes/mark4_refactored/data/train/dog_bark_train_aug_054.wav,dog_bark
/mnt/c/workspace/journal/codes/mark4_refactored/data/train/dog_bark_train_aug_055.wav,dog_bark
/mnt/c/workspace/journal/codes/mark4_refactored/data/train/dog_bark_train_aug_056.wav,dog_bark
/mnt/c/workspace/journal/codes/mark4_refactored/data/train/dog_bark_train_aug_057.wav,dog_bark
/mnt/c/workspace/journal/codes/mark4_refactored/data/train/dog_bark_train_aug_058.wav,dog_bark
/mnt/c/workspace/journal/codes/mark4_refactored/data/train/dog_bark_train_aug_059.wav,dog_bark
/mnt/c/workspace/journal/codes/mark4_refactored/data/train/dog_bark_train_aug_060.wav,dog_bark
/mnt/c/workspace/journal/codes/mark4_refactored/data/train/dog_bark_train_aug_061.wav,dog_bark
/mnt/c/workspace/journal/codes/mark4_refactored/data/train/dog_bark_train_aug_062.wav,dog_bark
/mnt/c/workspace/journal/codes/mark4_refactored/data/train/dog_bark_train_aug_063.wav,dog_bark
/mnt/c/workspace/journal/codes/mark4_refactored/data/train/dog_bark_train_aug_064.wav,dog_bark
/mnt/c/workspace/journal/codes/mark4_refactored/data/train/dog_bark_train_aug_065.wav,dog_bark
/mnt/c/workspace/journal/codes/mark4_refactored/data/train/dog_bark_train_aug_066.wav,dog_bark
/mnt/c/workspace/journal/codes/mark4_refactored/data/train/dog_bark_train_aug_067.wav,dog_bark
/mnt/c/workspace/journal/codes/mark4_refactored/data/train/dog_bark_train_aug_068.wav,dog_bark
/mnt/c/workspace/journal/codes/mark4_refactored/data/train/dog_bark_train_aug_069.wav,dog_bark
/mnt/c/workspace/journal/codes/mark4_refactored/data/train/dog_bark_train_aug_070.wav,dog_bark
/mnt/c/workspace/journal/codes/mark4_refactored/data/train/dog_bark_train_aug_071.wav,dog_bark
/mnt/c/workspace/journal/codes/mark4_refactored/data/train/dog_bark_train_aug_072.wav,dog_bark
/mnt/c/workspace/journal/codes/mark4_refactored/data/train/dog_bark_train_aug_073.wav,dog_bark
/mnt/c/workspace/journal/codes/mark4_refactored/data/train/dog_bark_train_aug_074.wav,dog_bark
/mnt/c/workspace/journal/codes/mark4_refactored/data/train/dog_bark_train_aug_075.wav,dog_bark
/mnt/c/workspace/journal/codes/mark4_refactored/data/train/dog_bark_train_aug_076.wav,dog_bark
/mnt/c/workspace/journal/codes/mark4_refactored/data/train/dog_bark_train_aug_077.wav,dog_bark
/mnt/c/workspace/journal/codes/mark4_refactored/data/train/dog_bark_train_aug_078.wav,dog_bark
/mnt/c/workspace/journal/codes/mark4_refactored/data/train/dog_bark_train_aug_079.wav,dog_bark
/mnt/c/workspace/journal/codes/mark4_refactored/data/train/dog_bark_train_aug_080.wav,dog_bark
/mnt/c/workspace/journal/codes/mark4_refactored/data/train/dog_bark_train_aug_081.wav,dog_bark
/mnt/c/workspace/journal/codes/mark4_refactored/data/train/dog_bark_train_aug_082.wav,dog_bark
/mnt/c/workspace/journal/codes/mark4_refactored/data/train/dog_bark_train_aug_083.wav,dog_bark
/mnt/c/workspace/journal/codes/mark4_refactored/data/train/dog_bark_train_aug_084.wav,dog_bark
/mnt/c/workspace/journal/codes/mark4_refactored/data/train/dog_bark_train_aug_085.wav,dog_bark
/mnt/c/workspace/journal/codes/mark4_refactored/data/train/dog_bark_train_aug_086.wav,dog_bark
/mnt/c/workspace/journal/codes/mark4_refactored/data/train/dog_bark_train_aug_087.wav,dog_bark
/mnt/c/workspace/journal/codes/mark4_refactored/data/train/dog_bark_train_aug_088.wav,dog_bark
/mnt/c/workspace/journal/codes/mark4_refactored/data/train/dog_bark_train_aug_089.wav,dog_bark
/mnt/c/workspace/journal/codes/mark4_refactored/data/train/dog_bark_train_aug_090.wav,dog_bark
/mnt/c/workspace/journal/codes/mark4_refactored/data/train/dog_bark_train_aug_091.wav,dog_bark
/mnt/c/workspace/journal/codes/mark4_refactored/data/train/dog_bark_train_aug_092.wav,dog_bark
/mnt/c/workspace/journal/codes/mark4_refactored/data/train/dog_bark_train_aug_093.wav,dog_bark
/mnt/c/workspace/journal/codes/mark4_refactored/data/train/dog_bark_train_aug_094.wav,dog_bark
/mnt/c/workspace/journal/codes/mark4_refactored/data/train/dog_bark_train_aug_095.wav,dog_bark
/mnt/c/workspace/journal/codes/mark4_refactored/data/train/dog_bark_train_aug_096.wav,dog_bark
/mnt/c/workspace/journal/codes/mark4_refactored/data/train/dog_bark_train_aug_097.wav,dog_bark
/mnt/c/workspace/journal/codes/mark4_refactored/data/train/dog_bark_train_aug_098.wav,dog_bark
/mnt/c/workspace/journal/codes/mark4_refactored/data/train/dog_bark_train_aug_099.wav,dog_bark
/mnt/c/workspace/journal/codes/mark4_refactored/data/train/dog_bark_train_aug_100.wav,dog_bark
/mnt/c/workspace/journal/codes/mark4_refactored/data/train/dog_bark_train_aug_101.wav,dog_bark
/mnt/c/workspace/journal/codes/mark4_refactored/data/train/dog_bark_train_aug_102.wav,dog_bark
/mnt/c/workspace/journal/codes/mark4_refactored/data/train/dog_bark_train_aug_103.wav,dog_bark
/mnt/c/workspace/journal/codes/mark4_refactored/data/train/dog_bark_train_aug_104.wav,dog_bark
/mnt/c/workspace/journal/codes/mark4_refactored/data/train/dog_bark_train_aug_105.wav,dog_bark
/mnt/c/workspace/journal/codes/mark4_refactored/data/train/dog_bark_train_aug_106.wav,dog_bark
/mnt/c/workspace/journal/codes/mark4_refactored/data/train/dog_bark_train_aug_107.wav,dog_bark
/mnt/c/workspace/journal/codes/mark4_refactored/data/train/dog_bark_train_aug_108.wav,dog_bark
/mnt/c/workspace/journal/codes/mark4_refactored/data/train/dog_bark_train_aug_109.wav,dog_bark
/mnt/c/workspace/journal/codes/mark4_refactored/data/train/dog_bark_train_aug_110.wav,dog_bark
/mnt/c/workspace/journal/codes/mark4_refactored/data/train/dog_bark_train_aug_111.wav,dog_bark
/mnt/c/workspace/journal/codes/mark4_refactored/data/train/dog_bark_train_aug_112.wav,dog_bark
/mnt/c/workspace/journal/codes/mark4_refactored/data/train/dog_bark_train_aug_113.wav,dog_bark
/mnt/c/workspace/journal/codes/mark4_refactored/data/train/dog_bark_train_aug_114.wav,dog_bark
/mnt/c/workspace/journal/codes/mark4_refactored/data/train/dog_bark_train_aug_115.wav,dog_bark
/mnt/c/workspace/journal/codes/mark4_refactored/data/train/dog_bark_train_aug_116.wav,dog_bark
/mnt/c/workspace/journal/codes/mark4_refactored/data/train/dog_bark_train_aug_117.wav,dog_bark
/mnt/c/workspace/journal/codes/mark4_refactored/data/train/dog_bark_train_aug_118.wav,dog_bark
/mnt/c/workspace/journal/codes/mark4_refactored/data/train/dog_bark_train_aug_119.wav,dog_bark
/mnt/c/workspace/journal/codes/mark4_refactored/data/train/dog_bark_train_aug_120.wav,dog_bark
/mnt/c/workspace/journal/codes/mark4_refactored/data/train/dog_bark_train_aug_121.wav,dog_bark
/mnt/c/workspace/journal/codes/mark4_refactored/data/train/dog_bark_train_aug_122.wav,dog_bark
/mnt/c/workspace/journal/codes/mark4_refactored/data/train/dog_bark_train_aug_123.wav,dog_bark
/mnt/c/workspace/journal/codes/mark4_refactored/data/train/dog_bark_train_aug_124.wav,dog_bark
/mnt/c/workspace/journal/codes/mark4_refactored/data/train/dog_bark_train_aug_125.wav,dog_bark
/mnt/c/workspace/journal/codes/mark4_refactored/data/train/dog_bark_train_aug_126.wav,dog_bark
/mnt/c/workspace/journal/codes/mark4_refactored/data/train/dog_bark_train_aug_127.wav,dog_bark
/mnt/c/workspace/journal/codes/mark4_refactored/data/train/dog_bark_train_aug_128.wav,dog_bark
/mnt/c/workspace/journal/codes/mark4_refactored/data/train/dog_bark_train_aug_129.wav,dog_bark
/mnt/c/workspace/journal/codes/mark4_refactored/data/train/dog_bark_train_aug_130.wav,dog_bark
/mnt/c/workspace/journal/codes/mark4_refactored/data/train/dog_bark_train_aug_131.wav,dog_bark
/mnt/c/workspace/journal/codes/mark4_refactored/data/train/dog_bark_train_aug_132.wav,dog_bark
/mnt/c/workspace/journal/codes/mark4_refactored/data/train/dog_bark_train_aug_133.wav,dog_bark
/mnt/c/workspace/journal/codes/mark4_refactored/data/train/dog_bark_train_aug_134.wav,dog_bark
/mnt/c/workspace/journal/codes/mark4_refactored/data/train/dog_bark_train_aug_135.wav,dog_bark
/mnt/c/workspace/journal/codes/mark4_refactored/data/train/dog_bark_train_aug_136.wav,dog_bark
/mnt/c/workspace/journal/codes/mark4_refactored/data/train/dog_bark_train_aug_137.wav,dog_bark
/mnt/c/workspace/journal/codes/mark4_refactored/data/train/dog_bark_train_aug_138.wav,dog_bark
/mnt/c/workspace/journal/codes/mark4_refactored/data/train/dog_bark_train_aug_139.wav,dog_bark
/mnt/c/workspace/journal/codes/mark4_refactored/data/train/dog_bark_train_aug_140.wav,dog_bark
/mnt/c/workspace/journal/codes/mark4_refactored/data/train/dog_bark_train_aug_141.wav,dog_bark
/mnt/c/workspace/journal/codes/mark4_refactored/data/train/dog_bark_train_aug_142.wav,dog_bark
/mnt/c/workspace/journal/codes/mark4_refactored/data/train/dog_bark_train_aug_143.wav,dog_bark
/mnt/c/workspace/journal/codes/mark4_refactored/data/train/dog_bark_train_aug_144.wav,dog_bark
/mnt/c/workspace/journal/codes/mark4_refactored/data/train/dog_bark_train_aug_145.wav,dog_bark
/mnt/c/workspace/journal/codes/mark4_refactored/data/train/dog_bark_train_aug_146.wav,dog_bark
/mnt/c/workspace/journal/codes/mark4_refactored/data/train/dog_bark_train_aug_147.wav,dog_bark
/mnt/c/workspace/journal/codes/mark4_refactored/data/train/dog_bark_train_aug_148.wav,dog_bark
/mnt/c/workspace/journal/codes/mark4_refactored/data/train/dog_bark_train_aug_149.wav,dog_bark
/mnt/c/workspace/journal/codes/mark4_refactored/data/train/dog_bark_train_aug_150.wav,dog_bark
/mnt/c/workspace/journal/codes/mark4_refactored/data/train/dog_bark_train_aug_151.wav,dog_bark
/mnt/c/workspace/journal/codes/mark4_refactored/data/train/dog_bark_train_aug_152.wav,dog_bark
/mnt/c/workspace/journal/codes/mark4_refactored/data/train/dog_bark_train_aug_153.wav,dog_bark
/mnt/c/workspace/journal/codes/mark4_refactored/data/train/dog_bark_train_aug_154.wav,dog_bark
/mnt/c/workspace/journal/codes/mark4_refactored/data/train/dog_bark_train_aug_155.wav,dog_bark
/mnt/c/workspace/journal/codes/mark4_refactored/data/train/dog_bark_train_aug_156.wav,dog_bark
/mnt/c/workspace/journal/codes/mark4_refactored/data/train/dog_bark_train_aug_157.wav,dog_bark
/mnt/c/workspace/journal/codes/mark4_refactored/data/train/dog_bark_train_aug_158.wav,dog_bark
/mnt/c/workspace/journal/codes/mark4_refactored/data/train/dog_bark_train_aug_159.wav,dog_bark
/mnt/c/workspace/journal/codes/mark4_refactored/data/train/dog_bark_train_aug_160.wav,dog_bark
/mnt/c/workspace/journal/codes/mark4_refactored/data/train/dog_bark_train_aug_161.wav,dog_bark
/mnt/c/workspace/journal/codes/mark4_refactored/data/train/dog_bark_train_aug_162.wav,dog_bark
/mnt/c/workspace/journal/codes/mark4_refactored/data/train/dog_bark_train_aug_163.wav,dog_bark
/mnt/c/workspace/journal/codes/mark4_refactored/data/train/dog_bark_train_aug_164.wav,dog_bark
/mnt/c/workspace/journal/codes/mark4_refactored/data/train/dog_bark_train_aug_165.wav,dog_bark
/mnt/c/workspace/journal/codes/mark4_refactored/data/train/dog_bark_train_aug_166.wav,dog_bark
/mnt/c/workspace/journal/codes/mark4_refactored/data/train/dog_bark_train_aug_167.wav,dog_bark
/mnt/c/workspace/journal/codes/mark4_refactored/data/train/dog_bark_train_aug_168.wav,dog_bark
/mnt/c/workspace/journal/codes/mark4_refactored/data/train/dog_bark_train_aug_169.wav,dog_bark
/mnt/c/workspace/journal/codes/mark4_refactored/data/train/dog_bark_train_aug_170.wav,dog_bark
/mnt/c/workspace/journal/codes/mark4_refactored/data/train/dog_bark_train_aug_171.wav,dog_bark
/mnt/c/workspace/journal/codes/mark4_refactored/data/train/dog_bark_train_aug_172.wav,dog_bark
/mnt/c/workspace/journal/codes/mark4_refactored/data/train/dog_bark_train_aug_173.wav,dog_bark
/mnt/c/workspace/journal/codes/mark4_refactored/data/train/dog_bark_train_aug_174.wav,dog_bark
/mnt/c/workspace/journal/codes/mark4_refactored/data/train/dog_bark_train_aug_175.wav,dog_bark
/mnt/c/workspace/journal/codes/mark4_refactored/data/train/dog_bark_train_aug_176.wav,dog_bark
/mnt/c/workspace/journal/codes/mark4_refactored/data/train/dog_bark_train_aug_177.wav,dog_bark
/mnt/c/workspace/journal/codes/mark4_refactored/data/train/dog_bark_train_aug_178.wav,dog_bark
/mnt/c/workspace/journal/codes/mark4_refactored/data/train/dog_bark_train_aug_179.wav,dog_bark
/mnt/c/workspace/journal/codes/mark4_refactored/data/train/dog_bark_train_aug_180.wav,dog_bark
/mnt/c/workspace/journal/codes/mark4_refactored/data/train/dog_bark_train_aug_181.wav,dog_bark
/mnt/c/workspace/journal/codes/mark4_refactored/data/train/dog_bark_train_aug_182.wav,dog_bark
/mnt/c/workspace/journal/codes/mark4_refactored/data/train/dog_bark_train_aug_183.wav,dog_bark
/mnt/c/workspace/journal/codes/mark4_refactored/data/train/dog_bark_train_aug_184.wav,dog_bark
/mnt/c/workspace/journal/codes/mark4_refactored/data/train/dog_bark_train_aug_185.wav,dog_bark
/mnt/c/workspace/journal/codes/mark4_refactored/data/train/dog_bark_train_aug_186.wav,dog_bark
/mnt/c/workspace/journal/codes/mark4_refactored/data/train/dog_bark_train_aug_187.wav,dog_bark
/mnt/c/workspace/journal/codes/mark4_refactored/data/train/dog_bark_train_aug_188.wav,dog_bark
/mnt/c/workspace/journal/codes/mark4_refactored/data/train/dog_bark_train_aug_189.wav,dog_bark
/mnt/c/workspace/journal/codes/mark4_refactored/data/train/dog_bark_train_aug_190.wav,dog_bark
/mnt/c/workspace/journal/codes/mark4_refactored/data/train/dog_bark_train_aug_191.wav,dog_bark
/mnt/c/workspace/journal/codes/mark4_refactored/data/train/dog_bark_train_aug_192.wav,dog_bark
/mnt/c/workspace/journal/codes/mark4_refactored/data/train/dog_bark_train_aug_193.wav,dog_bark
/mnt/c/workspace/journal/codes/mark4_refactored/data/train/dog_bark_train_aug_194.wav,dog_bark
/mnt/c/workspace/journal/codes/mark4_refactored/data/train/dog_bark_train_aug_195.wav,dog_bark
/mnt/c/workspace/journal/codes/mark4_refactored/data/train/dog_bark_train_aug_196.wav,dog_bark
/mnt/c/workspace/journal/codes/mark4_refactored/data/train/dog_bark_train_aug_197.wav,dog_bark
/mnt/c/workspace/journal/codes/mark4_refactored/data/train/dog_bark_train_aug_198.wav,dog_bark
/mnt/c/workspace/journal/codes/mark4_refactored/data/train/dog_bark_train_aug_199.wav,dog_bark
/mnt/c/workspace/journal/codes/mark4_refactored/data/train/dog_bark_train_aug_200.wav,dog_bark
/mnt/c/workspace/journal/codes/mark4_refactored/data/train/dog_bark_train_aug_201.wav,dog_bark
/mnt/c/workspace/journal/codes/mark4_refactored/data/train/dog_bark_train_aug_202.wav,dog_bark
/mnt/c/workspace/journal/codes/mark4_refactored/data/train/dog_bark_train_aug_203.wav,dog_bark
/mnt/c/workspace/journal/codes/mark4_refactored/data/train/dog_bark_train_aug_204.wav,dog_bark
/mnt/c/workspace/journal/codes/mark4_refactored/data/train/dog_bark_train_aug_205.wav,dog_bark
/mnt/c/workspace/journal/codes/mark4_refactored/data/train/dog_bark_train_aug_206.wav,dog_bark
/mnt/c/workspace/journal/codes/mark4_refactored/data/train/dog_bark_train_aug_207.wav,dog_bark
/mnt/c/workspace/journal/codes/mark4_refactored/data/train/dog_bark_train_aug_208.wav,dog_bark
/mnt/c/workspace/journal/codes/mark4_refactored/data/train/dog_bark_train_aug_209.wav,dog_bark
/mnt/c/workspace/journal/codes/mark4_refactored/data/train/dog_bark_train_aug_210.wav,dog_bark
/mnt/c/workspace/journal/codes/mark4_refactored/data/train/dog_bark_train_aug_211.wav,dog_bark
/mnt/c/workspace/journal/codes/mark4_refactored/data/train/dog_bark_train_aug_212.wav,dog_bark
/mnt/c/workspace/journal/codes/mark4_refactored/data/train/dog_bark_train_aug_213.wav,dog_bark
/mnt/c/workspace/journal/codes/mark4_refactored/data/train/dog_bark_train_aug_214.wav,dog_bark
/mnt/c/workspace/journal/codes/mark4_refactored/data/train/dog_bark_train_aug_215.wav,dog_bark
/mnt/c/workspace/journal/codes/mark4_refactored/data/train/dog_bark_train_aug_216.wav,dog_bark
/mnt/c/workspace/journal/codes/mark4_refactored/data/train/dog_bark_train_aug_217.wav,dog_bark
/mnt/c/workspace/journal/codes/mark4_refactored/data/train/dog_bark_train_aug_218.wav,dog_bark
/mnt/c/workspace/journal/codes/mark4_refactored/data/train/dog_bark_train_aug_219.wav,dog_bark
/mnt/c/workspace/journal/codes/mark4_refactored/data/train/others_train_001.wav,others
/mnt/c/workspace/journal/codes/mark4_refactored/data/train/others_train_002.wav,others
/mnt/c/workspace/journal/codes/mark4_refactored/data/train/others_train_003.wav,others
/mnt/c/workspace/journal/codes/mark4_refactored/data/train/others_train_004.wav,others
/mnt/c/workspace/journal/codes/mark4_refactored/data/train/others_train_005.wav,others
/mnt/c/workspace/journal/codes/mark4_refactored/data/train/others_train_006.wav,others
/mnt/c/workspace/journal/codes/mark4_refactored/data/train/others_train_007.wav,others
/mnt/c/workspace/journal/codes/mark4_refactored/data/train/others_train_008.wav,others
/mnt/c/workspace/journal/codes/mark4_refactored/data/train/others_train_009.wav,others
/mnt/c/workspace/journal/codes/mark4_refactored/data/train/others_train_010.wav,others
/mnt/c/workspace/journal/codes/mark4_refactored/data/train/others_train_011.wav,others
/mnt/c/workspace/journal/codes/mark4_refactored/data/train/others_train_012.wav,others
/mnt/c/workspace/journal/codes/mark4_refactored/data/train/others_train_013.wav,others
/mnt/c/workspace/journal/codes/mark4_refactored/data/train/others_train_014.wav,others
/mnt/c/workspace/journal/codes/mark4_refactored/data/train/others_train_015.wav,others
/mnt/c/workspace/journal/codes/mark4_refactored/data/train/others_train_016.wav,others
/mnt/c/workspace/journal/codes/mark4_refactored/data/train/others_train_017.wav,others
/mnt/c/workspace/journal/codes/mark4_refactored/data/train/others_train_018.wav,others
/mnt/c/workspace/journal/codes/mark4_refactored/data/train/others_train_019.wav,others
/mnt/c/workspace/journal/codes/mark4_refactored/data/train/others_train_020.wav,others
/mnt/c/workspace/journal/codes/mark4_refactored/data/train/others_train_021.wav,others
/mnt/c/workspace/journal/codes/mark4_refactored/data/train/others_train_022.wav,others
/mnt/c/workspace/journal/codes/mark4_refactored/data/train/others_train_023.wav,others
/mnt/c/workspace/journal/codes/mark4_refactored/data/train/others_train_024.wav,others
/mnt/c/workspace/journal/codes/mark4_refactored/data/train/others_train_025.wav,others
/mnt/c/workspace/journal/codes/mark4_refactored/data/train/others_train_026.wav,others
/mnt/c/workspace/journal/codes/mark4_refactored/data/train/others_train_027.wav,others
/mnt/c/workspace/journal/codes/mark4_refactored/data/train/others_train_028.wav,others
/mnt/c/workspace/journal/codes/mark4_refactored/data/train/others_train_029.wav,others
/mnt/c/workspace/journal/codes/mark4_refactored/data/train/others_train_030.wav,others
/mnt/c/workspace/journal/codes/mark4_refactored/data/train/others_train_031.wav,others
/mnt/c/workspace/journal/codes/mark4_refactored/data/train/others_train_032.wav,others
/mnt/c/workspace/journal/codes/mark4_refactored/data/train/others_train_033.wav,others
/mnt/c/workspace/journal/codes/mark4_refactored/data/train/others_train_034.wav,others
/mnt/c/workspace/journal/codes/mark4_refactored/data/train/others_train_035.wav,others
/mnt/c/workspace/journal/codes/mark4_refactored/data/train/others_train_036.wav,others
/mnt/c/workspace/journal/codes/mark4_refactored/data/train/others_train_037.wav,others
/mnt/c/workspace/journal/codes/mark4_refactored/data/train/others_train_038.wav,others
/mnt/c/workspace/journal/codes/mark4_refactored/data/train/others_train_039.wav,others
/mnt/c/workspace/journal/codes/mark4_refactored/data/train/others_train_040.wav,others
/mnt/c/workspace/journal/codes/mark4_refactored/data/train/others_train_041.wav,others
/mnt/c/workspace/journal/codes/mark4_refactored/data/train/others_train_042.wav,others
/mnt/c/workspace/journal/codes/mark4_refactored/data/train/others_train_043.wav,others
/mnt/c/workspace/journal/codes/mark4_refactored/data/train/others_train_044.wav,others
/mnt/c/workspace/journal/codes/mark4_refactored/data/train/others_train_045.wav,others
/mnt/c/workspace/journal/codes/mark4_refactored/data/train/others_train_046.wav,others
/mnt/c/workspace/journal/codes/mark4_refactored/data/train/others_train_047.wav,others
/mnt/c/workspace/journal/codes/mark4_refactored/data/train/others_train_048.wav,others
/mnt/c/workspace/journal/codes/mark4_refactored/data/train/others_train_049.wav,others
/mnt/c/workspace/journal/codes/mark4_refactored/data/train/others_train_050.wav,others
/mnt/c/workspace/journal/codes/mark4_refactored/data/train/others_train_051.wav,others
/mnt/c/workspace/journal/codes/mark4_refactored/data/train/others_train_052.wav,others
/mnt/c/workspace/journal/codes/mark4_refactored/data/train/others_train_053.wav,others
/mnt/c/workspace/journal/codes/mark4_refactored/data/train/others_train_054.wav,others
/mnt/c/workspace/journal/codes/mark4_refactored/data/train/others_train_055.wav,others
/mnt/c/workspace/journal/codes/mark4_refactored/data/train/others_train_056.wav,others
/mnt/c/workspace/journal/codes/mark4_refactored/data/train/others_train_057.wav,others
/mnt/c/workspace/journal/codes/mark4_refactored/data/train/others_train_058.wav,others
/mnt/c/workspace/journal/codes/mark4_refactored/data/train/others_train_059.wav,others
/mnt/c/workspace/journal/codes/mark4_refactored/data/train/others_train_060.wav,others
/mnt/c/workspace/journal/codes/mark4_refactored/data/train/others_train_061.wav,others
/mnt/c/workspace/journal/codes/mark4_refactored/data/train/others_train_062.wav,others
/mnt/c/workspace/journal/codes/mark4_refactored/data/train/others_train_063.wav,others
/mnt/c/workspace/journal/codes/mark4_refactored/data/train/others_train_064.wav,others
/mnt/c/workspace/journal/codes/mark4_refactored/data/train/others_train_065.wav,others
/mnt/c/workspace/journal/codes/mark4_refactored/data/train/others_train_066.wav,others
/mnt/c/workspace/journal/codes/mark4_refactored/data/train/others_train_067.wav,others
/mnt/c/workspace/journal/codes/mark4_refactored/data/train/others_train_068.wav,others
/mnt/c/workspace/journal/codes/mark4_refactored/data/train/others_train_069.wav,others
/mnt/c/workspace/journal/codes/mark4_refactored/data/train/others_train_070.wav,others
/mnt/c/workspace/journal/codes/mark4_refactored/data/train/others_train_071.wav,others
/mnt/c/workspace/journal/codes/mark4_refactored/data/train/others_train_072.wav,others
/mnt/c/workspace/journal/codes/mark4_refactored/data/train/others_train_073.wav,others
/mnt/c/workspace/journal/codes/mark4_refactored/data/train/others_train_074.wav,others
/mnt/c/workspace/journal/codes/mark4_refactored/data/train/others_train_075.wav,others
/mnt/c/workspace/journal/codes/mark4_refactored/data/train/others_train_076.wav,others
/mnt/c/workspace/journal/codes/mark4_refactored/data/train/others_train_077.wav,others
/mnt/c/workspace/journal/codes/mark4_refactored/data/train/others_train_078.wav,others
/mnt/c/workspace/journal/codes/mark4_refactored/data/train/others_train_079.wav,others
/mnt/c/workspace/journal/codes/mark4_refactored/data/train/others_train_080.wav,others
/mnt/c/workspace/journal/codes/mark4_refactored/data/train/others_train_081.wav,others
/mnt/c/workspace/journal/codes/mark4_refactored/data/train/others_train_082.wav,others
/mnt/c/workspace/journal/codes/mark4_refactored/data/train/others_train_083.wav,others
/mnt/c/workspace/journal/codes/mark4_refactored/data/train/others_train_084.wav,others
/mnt/c/workspace/journal/codes/mark4_refactored/data/train/others_train_085.wav,others
/mnt/c/workspace/journal/codes/mark4_refactored/data/train/others_train_086.wav,others
/mnt/c/workspace/journal/codes/mark4_refactored/data/train/others_train_087.wav,others
/mnt/c/workspace/journal/codes/mark4_refactored/data/train/others_train_088.wav,others
/mnt/c/workspace/journal/codes/mark4_refactored/data/train/others_train_089.wav,others
/mnt/c/workspace/journal/codes/mark4_refactored/data/train/others_train_090.wav,others
/mnt/c/workspace/journal/codes/mark4_refactored/data/train/others_train_091.wav,others
/mnt/c/workspace/journal/codes/mark4_refactored/data/train/others_train_092.wav,others
/mnt/c/workspace/journal/codes/mark4_refactored/data/train/others_train_093.wav,others
/mnt/c/workspace/journal/codes/mark4_refactored/data/train/others_train_094.wav,others
/mnt/c/workspace/journal/codes/mark4_refactored/data/train/others_train_095.wav,others
/mnt/c/workspace/journal/codes/mark4_refactored/data/train/others_train_096.wav,others
/mnt/c/workspace/journal/codes/mark4_refactored/data/train/others_train_097.wav,others
/mnt/c/workspace/journal/codes/mark4_refactored/data/train/others_train_098.wav,others
/mnt/c/workspace/journal/codes/mark4_refactored/data/train/others_train_099.wav,others
/mnt/c/workspace/journal/codes/mark4_refactored/data/train/others_train_100.wav,others
/mnt/c/workspace/journal/codes/mark4_refactored/data/train/others_train_101.wav,others
/mnt/c/workspace/journal/codes/mark4_refactored/data/train/others_train_102.wav,others
/mnt/c/workspace/journal/codes/mark4_refactored/data/train/others_train_103.wav,others
/mnt/c/workspace/journal/codes/mark4_refactored/data/train/others_train_104.wav,others
/mnt/c/workspace/journal/codes/mark4_refactored/data/train/others_train_105.wav,others
/mnt/c/workspace/journal/codes/mark4_refactored/data/train/others_train_106.wav,others
/mnt/c/workspace/journal/codes/mark4_refactored/data/train/others_train_107.wav,others
/mnt/c/workspace/journal/codes/mark4_refactored/data/train/others_train_108.wav,others
/mnt/c/workspace/journal/codes/mark4_refactored/data/train/others_train_109.wav,others
/mnt/c/workspace/journal/codes/mark4_refactored/data/train/others_train_110.wav,others
/mnt/c/workspace/journal/codes/mark4_refactored/data/train/others_train_111.wav,others
/mnt/c/workspace/journal/codes/mark4_refactored/data/train/others_train_112.wav,others
/mnt/c/workspace/journal/codes/mark4_refactored/data/train/others_train_113.wav,others
/mnt/c/workspace/journal/codes/mark4_refactored/data/train/others_train_114.wav,others
/mnt/c/workspace/journal/codes/mark4_refactored/data/train/others_train_115.wav,others
/mnt/c/workspace/journal/codes/mark4_refactored/data/train/others_train_116.wav,others
/mnt/c/workspace/journal/codes/mark4_refactored/data/train/others_train_117.wav,others
/mnt/c/workspace/journal/codes/mark4_refactored/data/train/others_train_118.wav,others
/mnt/c/workspace/journal/codes/mark4_refactored/data/train/others_train_119.wav,others
/mnt/c/workspace/journal/codes/mark4_refactored/data/train/others_train_120.wav,others
/mnt/c/workspace/journal/codes/mark4_refactored/data/train/others_train_121.wav,others
/mnt/c/workspace/journal/codes/mark4_refactored/data/train/others_train_122.wav,others
/mnt/c/workspace/journal/codes/mark4_refactored/data/train/others_train_123.wav,others
/mnt/c/workspace/journal/codes/mark4_refactored/data/train/others_train_124.wav,others
/mnt/c/workspace/journal/codes/mark4_refactored/data/train/others_train_125.wav,others
/mnt/c/workspace/journal/codes/mark4_refactored/data/train/others_train_126.wav,others
/mnt/c/workspace/journal/codes/mark4_refactored/data/train/others_train_127.wav,others
/mnt/c/workspace/journal/codes/mark4_refactored/data/train/others_train_128.wav,others
/mnt/c/workspace/journal/codes/mark4_refactored/data/train/others_train_129.wav,others
/mnt/c/workspace/journal/codes/mark4_refactored/data/train/others_train_130.wav,others
/mnt/c/workspace/journal/codes/mark4_refactored/data/train/others_train_131.wav,others
/mnt/c/workspace/journal/codes/mark4_refactored/data/train/others_train_132.wav,others
/mnt/c/workspace/journal/codes/mark4_refactored/data/train/others_train_133.wav,others
/mnt/c/workspace/journal/codes/mark4_refactored/data/train/others_train_134.wav,others
/mnt/c/workspace/journal/codes/mark4_refactored/data/train/others_train_135.wav,others
/mnt/c/workspace/journal/codes/mark4_refactored/data/train/others_train_136.wav,others
/mnt/c/workspace/journal/codes/mark4_refactored/data/train/others_train_137.wav,others
/mnt/c/workspace/journal/codes/mark4_refactored/data/train/others_train_138.wav,others
/mnt/c/workspace/journal/codes/mark4_refactored/data/train/others_train_139.wav,others
/mnt/c/workspace/journal/codes/mark4_refactored/data/train/others_train_140.wav,others
/mnt/c/workspace/journal/codes/mark4_refactored/data/train/others_train_141.wav,others
/mnt/c/workspace/journal/codes/mark4_refactored/data/train/others_train_142.wav,others
/mnt/c/workspace/journal/codes/mark4_refactored/data/train/others_train_143.wav,others
/mnt/c/workspace/journal/codes/mark4_refactored/data/train/others_train_144.wav,others
/mnt/c/workspace/journal/codes/mark4_refactored/data/train/others_train_145.wav,others
/mnt/c/workspace/journal/codes/mark4_refactored/data/train/others_train_146.wav,others
/mnt/c/workspace/journal/codes/mark4_refactored/data/train/others_train_147.wav,others
/mnt/c/workspace/journal/codes/mark4_refactored/data/train/others_train_148.wav,others
/mnt/c/workspace/journal/codes/mark4_refactored/data/train/others_train_149.wav,others
/mnt/c/workspace/journal/codes/mark4_refactored/data/train/others_train_150.wav,others
/mnt/c/workspace/journal/codes/mark4_refactored/data/train/others_train_151.wav,others
/mnt/c/workspace/journal/codes/mark4_refactored/data/train/others_train_152.wav,others
/mnt/c/workspace/journal/codes/mark4_refactored/data/train/others_train_153.wav,others
/mnt/c/workspace/journal/codes/mark4_refactored/data/train/others_train_154.wav,others
/mnt/c/workspace/journal/codes/mark4_refactored/data/train/others_train_155.wav,others
/mnt/c/workspace/journal/codes/mark4_refactored/data/train/others_train_156.wav,others
/mnt/c/workspace/journal/codes/mark4_refactored/data/train/others_train_157.wav,others
/mnt/c/workspace/journal/codes/mark4_refactored/data/train/others_train_158.wav,others
/mnt/c/workspace/journal/codes/mark4_refactored/data/train/others_train_159.wav,others
/mnt/c/workspace/journal/codes/mark4_refactored/data/train/others_train_160.wav,others
/mnt/c/workspace/journal/codes/mark4_refactored/data/train/others_train_161.wav,others
/mnt/c/workspace/journal/codes/mark4_refactored/data/train/others_train_162.wav,others
/mnt/c/workspace/journal/codes/mark4_refactored/data/train/others_train_163.wav,others
/mnt/c/workspace/journal/codes/mark4_refactored/data/train/others_train_164.wav,others
/mnt/c/workspace/journal/codes/mark4_refactored/data/train/others_train_165.wav,others
/mnt/c/workspace/journal/codes/mark4_refactored/data/train/others_train_166.wav,others
/mnt/c/workspace/journal/codes/mark4_refactored/data/train/others_train_167.wav,others
/mnt/c/workspace/journal/codes/mark4_refactored/data/train/others_train_168.wav,others
/mnt/c/workspace/journal/codes/mark4_refactored/data/train/others_train_169.wav,others
/mnt/c/workspace/journal/codes/mark4_refactored/data/train/others_train_170.wav,others
/mnt/c/workspace/journal/codes/mark4_refactored/data/train/others_train_171.wav,others
/mnt/c/workspace/journal/codes/mark4_refactored/data/train/others_train_172.wav,others
/mnt/c/workspace/journal/codes/mark4_refactored/data/train/others_train_173.wav,others
/mnt/c/workspace/journal/codes/mark4_refactored/data/train/others_train_174.wav,others
/mnt/c/workspace/journal/codes/mark4_refactored/data/train/others_train_175.wav,others
/mnt/c/workspace/journal/codes/mark4_refactored/data/train/others_train_176.wav,others
/mnt/c/workspace/journal/codes/mark4_refactored/data/train/others_train_177.wav,others
/mnt/c/workspace/journal/codes/mark4_refactored/data/train/others_train_178.wav,others
/mnt/c/workspace/journal/codes/mark4_refactored/data/train/others_train_179.wav,others
/mnt/c/workspace/journal/codes/mark4_refactored/data/train/others_train_180.wav,others
/mnt/c/workspace/journal/codes/mark4_refactored/data/train/others_train_181.wav,others
/mnt/c/workspace/journal/codes/mark4_refactored/data/train/others_train_182.wav,others
/mnt/c/workspace/journal/codes/mark4_refactored/data/train/others_train_183.wav,others
/mnt/c/workspace/journal/codes/mark4_refactored/data/train/others_train_184.wav,others
/mnt/c/workspace/journal/codes/mark4_refactored/data/train/others_train_185.wav,others
/mnt/c/workspace/journal/codes/mark4_refactored/data/train/others_train_186.wav,others
/mnt/c/workspace/journal/codes/mark4_refactored/data/train/others_train_187.wav,others
/mnt/c/workspace/journal/codes/mark4_refactored/data/train/others_train_188.wav,others
/mnt/c/workspace/journal/codes/mark4_refactored/data/train/others_train_189.wav,others
/mnt/c/workspace/journal/codes/mark4_refactored/data/train/others_train_190.wav,others
/mnt/c/workspace/journal/codes/mark4_refactored/data/train/others_train_191.wav,others
/mnt/c/workspace/journal/codes/mark4_refactored/data/train/others_train_192.wav,others
/mnt/c/workspace/journal/codes/mark4_refactored/data/train/others_train_193.wav,others
/mnt/c/workspace/journal/codes/mark4_refactored/data/train/others_train_194.wav,others
/mnt/c/workspace/journal/codes/mark4_refactored/data/train/others_train_195.wav,others
/mnt/c/workspace/journal/codes/mark4_refactored/data/train/others_train_196.wav,others
/mnt/c/workspace/journal/codes/mark4_refactored/data/train/others_train_197.wav,others
/mnt/c/workspace/journal/codes/mark4_refactored/data/train/others_train_198.wav,others
/mnt/c/workspace/journal/codes/mark4_refactored/data/train/others_train_199.wav,others
/mnt/c/workspace/journal/codes/mark4_refactored/data/train/others_train_200.wav,others
/mnt/c/workspace/journal/codes/mark4_refactored/data/train/others_train_201.wav,others
/mnt/c/workspace/journal/codes/mark4_refactored/data/train/others_train_202.wav,others
/mnt/c/workspace/journal/codes/mark4_refactored/data/train/others_train_203.wav,others
/mnt/c/workspace/journal/codes/mark4_refactored/data/train/others_train_204.wav,others
/mnt/c/workspace/journal/codes/mark4_refactored/data/train/others_train_205.wav,others
/mnt/c/workspace/journal/codes/mark4_refactored/data/train/others_train_206.wav,others
/mnt/c/workspace/journal/codes/mark4_refactored/data/train/others_train_207.wav,others
/mnt/c/workspace/journal/codes/mark4_refactored/data/train/others_train_208.wav,others
/mnt/c/workspace/journal/codes/mark4_refactored/data/train/others_train_209.wav,others
/mnt/c/workspace/journal/codes/mark4_refactored/data/train/others_train_210.wav,others
/mnt/c/workspace/journal/codes/mark4_refactored/data/train/others_train_211.wav,others
/mnt/c/workspace/journal/codes/mark4_refactored/data/train/others_train_212.wav,others
/mnt/c/workspace/journal/codes/mark4_refactored/data/train/others_train_213.wav,others
/mnt/c/workspace/journal/codes/mark4_refactored/data/train/others_train_214.wav,others
/mnt/c/workspace/journal/codes/mark4_refactored/data/train/others_train_215.wav,others
/mnt/c/workspace/journal/codes/mark4_refactored/data/train/others_train_216.wav,others
/mnt/c/workspace/journal/codes/mark4_refactored/data/train/others_train_217.wav,others
/mnt/c/workspace/journal/codes/mark4_refactored/data/train/others_train_218.wav,others
/mnt/c/workspace/journal/codes/mark4_refactored/data/train/others_train_219.wav,others
/mnt/c/workspace/journal/codes/mark4_refactored/data/train/others_train_220.wav,others
/mnt/c/workspace/journal/codes/mark4_refactored/data/train/others_train_221.wav,others
/mnt/c/workspace/journal/codes/mark4_refactored/data/train/others_train_222.wav,others
/mnt/c/workspace/journal/codes/mark4_refactored/data/train/others_train_223.wav,others
/mnt/c/workspace/journal/codes/mark4_refactored/data/train/others_train_224.wav,others
/mnt/c/workspace/journal/codes/mark4_refactored/data/train/others_train_225.wav,others
/mnt/c/workspace/journal/codes/mark4_refactored/data/train/others_train_226.wav,others
/mnt/c/workspace/journal/codes/mark4_refactored/data/train/others_train_227.wav,others
/mnt/c/workspace/journal/codes/mark4_refactored/data/train/others_train_228.wav,others
/mnt/c/workspace/journal/codes/mark4_refactored/data/train/others_train_229.wav,others
/mnt/c/workspace/journal/codes/mark4_refactored/data/train/others_train_230.wav,others
/mnt/c/workspace/journal/codes/mark4_refactored/data/train/others_train_231.wav,others
/mnt/c/workspace/journal/codes/mark4_refactored/data/train/others_train_232.wav,others
/mnt/c/workspace/journal/codes/mark4_refactored/data/train/others_train_233.wav,others
/mnt/c/workspace/journal/codes/mark4_refactored/data/train/others_train_234.wav,others
/mnt/c/workspace/journal/codes/mark4_refactored/data/train/others_train_235.wav,others
/mnt/c/workspace/journal/codes/mark4_refactored/data/train/others_train_236.wav,others
/mnt/c/workspace/journal/codes/mark4_refactored/data/train/others_train_237.wav,others
/mnt/c/workspace/journal/codes/mark4_refactored/data/train/others_train_238.wav,others
/mnt/c/workspace/journal/codes/mark4_refactored/data/train/others_train_239.wav,others
/mnt/c/workspace/journal/codes/mark4_refactored/data/train/others_train_240.wav,others
/mnt/c/workspace/journal/codes/mark4_refactored/data/train/others_train_241.wav,others
/mnt/c/workspace/journal/codes/mark4_refactored/data/train/others_train_242.wav,others
/mnt/c/workspace/journal/codes/mark4_refactored/data/train/others_train_243.wav,others
/mnt/c/workspace/journal/codes/mark4_refactored/data/train/others_train_244.wav,others
/mnt/c/workspace/journal/codes/mark4_refactored/data/train/others_train_245.wav,others
/mnt/c/workspace/journal/codes/mark4_refactored/data/train/others_train_246.wav,others
/mnt/c/workspace/journal/codes/mark4_refactored/data/train/others_train_247.wav,others
/mnt/c/workspace/journal/codes/mark4_refactored/data/train/others_train_248.wav,others
/mnt/c/workspace/journal/codes/mark4_refactored/data/train/others_train_249.wav,others
/mnt/c/workspace/journal/codes/mark4_refactored/data/train/others_train_250.wav,others
/mnt/c/workspace/journal/codes/mark4_refactored/data/train/others_train_251.wav,others
/mnt/c/workspace/journal/codes/mark4_refactored/data/train/others_train_252.wav,others
/mnt/c/workspace/journal/codes/mark4_refactored/data/train/others_train_253.wav,others
/mnt/c/workspace/journal/codes/mark4_refactored/data/train/others_train_254.wav,others
/mnt/c/workspace/journal/codes/mark4_refactored/data/train/others_train_255.wav,others
/mnt/c/workspace/journal/codes/mark4_refactored/data/train/others_train_256.wav,others
/mnt/c/workspace/journal/codes/mark4_refactored/data/train/others_train_257.wav,others
/mnt/c/workspace/journal/codes/mark4_refactored/data/train/others_train_258.wav,others
/mnt/c/workspace/journal/codes/mark4_refactored/data/train/others_train_259.wav,others
/mnt/c/workspace/journal/codes/mark4_refactored/data/train/others_train_260.wav,others
/mnt/c/workspace/journal/codes/mark4_refactored/data/train/others_train_261.wav,others
/mnt/c/workspace/journal/codes/mark4_refactored/data/train/others_train_262.wav,others
/mnt/c/workspace/journal/codes/mark4_refactored/data/train/others_train_263.wav,others
/mnt/c/workspace/journal/codes/mark4_refactored/data/train/others_train_264.wav,others
/mnt/c/workspace/journal/codes/mark4_refactored/data/train/others_train_265.wav,others
/mnt/c/workspace/journal/codes/mark4_refactored/data/train/others_train_266.wav,others
/mnt/c/workspace/journal/codes/mark4_refactored/data/train/others_train_267.wav,others
/mnt/c/workspace/journal/codes/mark4_refactored/data/train/others_train_268.wav,others
/mnt/c/workspace/journal/codes/mark4_refactored/data/train/others_train_269.wav,others
/mnt/c/workspace/journal/codes/mark4_refactored/data/train/others_train_270.wav,others
/mnt/c/workspace/journal/codes/mark4_refactored/data/train/others_train_271.wav,others
/mnt/c/workspace/journal/codes/mark4_refactored/data/train/others_train_272.wav,others
/mnt/c/workspace/journal/codes/mark4_refactored/data/train/others_train_273.wav,others
/mnt/c/workspace/journal/codes/mark4_refactored/data/train/others_train_274.wav,others
/mnt/c/workspace/journal/codes/mark4_refactored/data/train/others_train_275.wav,others
/mnt/c/workspace/journal/codes/mark4_refactored/data/train/others_train_276.wav,others
/mnt/c/workspace/journal/codes/mark4_refactored/data/train/others_train_277.wav,others
/mnt/c/workspace/journal/codes/mark4_refactored/data/train/others_train_278.wav,others
/mnt/c/workspace/journal/codes/mark4_refactored/data/train/others_train_279.wav,others
/mnt/c/workspace/journal/codes/mark4_refactored/data/train/others_train_280.wav,others
/mnt/c/workspace/journal/codes/mark4_refactored/data/train/others_train_281.wav,others
/mnt/c/workspace/journal/codes/mark4_refactored/data/train/others_train_282.wav,others
/mnt/c/workspace/journal/codes/mark4_refactored/data/train/others_train_283.wav,others
/mnt/c/workspace/journal/codes/mark4_refactored/data/train/others_train_284.wav,others
/mnt/c/workspace/journal/codes/mark4_refactored/data/train/others_train_285.wav,others
/mnt/c/workspace/journal/codes/mark4_refactored/data/train/others_train_286.wav,others
/mnt/c/workspace/journal/codes/mark4_refactored/data/train/others_train_287.wav,others
/mnt/c/workspace/journal/codes/mark4_refactored/data/train/others_train_288.wav,others
/mnt/c/workspace/journal/codes/mark4_refactored/data/train/others_train_289.wav,others
/mnt/c/workspace/journal/codes/mark4_refactored/data/train/others_train_290.wav,others
/mnt/c/workspace/journal/codes/mark4_refactored/data/train/others_train_291.wav,others
/mnt/c/workspace/journal/codes/mark4_refactored/data/train/others_train_292.wav,others
/mnt/c/workspace/journal/codes/mark4_refactored/data/train/others_train_293.wav,others
/mnt/c/workspace/journal/codes/mark4_refactored/data/train/others_train_294.wav,others
/mnt/c/workspace/journal/codes/mark4_refactored/data/train/others_train_295.wav,others
/mnt/c/workspace/journal/codes/mark4_refactored/data/train/others_train_296.wav,others
/mnt/c/workspace/journal/codes/mark4_refactored/data/train/others_train_297.wav,others
/mnt/c/workspace/journal/codes/mark4_refactored/data/train/others_train_298.wav,others
/mnt/c/workspace/journal/codes/mark4_refactored/data/train/others_train_299.wav,others
/mnt/c/workspace/journal/codes/mark4_refactored/data/train/others_train_300.wav,others
/mnt/c/workspace/journal/codes/mark4_refactored/data/train/others_train_301.wav,others
/mnt/c/workspace/journal/codes/mark4_refactored/data/train/others_train_302.wav,others
/mnt/c/workspace/journal/codes/mark4_refactored/data/train/others_train_303.wav,others
/mnt/c/workspace/journal/codes/mark4_refactored/data/train/others_train_304.wav,others
/mnt/c/workspace/journal/codes/mark4_refactored/data/train/others_train_305.wav,others
/mnt/c/workspace/journal/codes/mark4_refactored/data/train/others_train_306.wav,others
/mnt/c/workspace/journal/codes/mark4_refactored/data/train/others_train_307.wav,others
/mnt/c/workspace/journal/codes/mark4_refactored/data/train/others_train_308.wav,others
/mnt/c/workspace/journal/codes/mark4_refactored/data/train/others_train_309.wav,others
/mnt/c/workspace/journal/codes/mark4_refactored/data/train/others_train_310.wav,others
/mnt/c/workspace/journal/codes/mark4_refactored/data/train/others_train_311.wav,others
/mnt/c/workspace/journal/codes/mark4_refactored/data/train/others_train_312.wav,others
/mnt/c/workspace/journal/codes/mark4_refactored/data/train/others_train_313.wav,others
/mnt/c/workspace/journal/codes/mark4_refactored/data/train/others_train_314.wav,others
/mnt/c/workspace/journal/codes/mark4_refactored/data/train/others_train_315.wav,others
/mnt/c/workspace/journal/codes/mark4_refactored/data/train/others_train_316.wav,others
/mnt/c/workspace/journal/codes/mark4_refactored/data/train/others_train_317.wav,others
/mnt/c/workspace/journal/codes/mark4_refactored/data/train/others_train_318.wav,others
/mnt/c/workspace/journal/codes/mark4_refactored/data/train/others_train_319.wav,others
/mnt/c/workspace/journal/codes/mark4_refactored/data/train/others_train_320.wav,others
/mnt/c/workspace/journal/codes/mark4_refactored/data/train/others_train_321.wav,others
/mnt/c/workspace/journal/codes/mark4_refactored/data/train/others_train_322.wav,others
/mnt/c/workspace/journal/codes/mark4_refactored/data/train/others_train_323.wav,others
/mnt/c/workspace/journal/codes/mark4_refactored/data/train/others_train_324.wav,others
/mnt/c/workspace/journal/codes/mark4_refactored/data/train/others_train_325.wav,others
/mnt/c/workspace/journal/codes/mark4_refactored/data/train/others_train_326.wav,others
/mnt/c/workspace/journal/codes/mark4_refactored/data/train/others_train_327.wav,others
/mnt/c/workspace/journal/codes/mark4_refactored/data/train/others_train_328.wav,others
/mnt/c/workspace/journal/codes/mark4_refactored/data/train/others_train_329.wav,others
/mnt/c/workspace/journal/codes/mark4_refactored/data/train/others_train_330.wav,others
/mnt/c/workspace/journal/codes/mark4_refactored/data/train/others_train_331.wav,others
/mnt/c/workspace/journal/codes/mark4_refactored/data/train/others_train_332.wav,others
/mnt/c/workspace/journal/codes/mark4_refactored/data/train/others_train_333.wav,others
/mnt/c/workspace/journal/codes/mark4_refactored/data/train/others_train_334.wav,others
/mnt/c/workspace/journal/codes/mark4_refactored/data/train/others_train_335.wav,others
/mnt/c/workspace/journal/codes/mark4_refactored/data/train/others_train_336.wav,others
/mnt/c/workspace/journal/codes/mark4_refactored/data/train/others_train_337.wav,others
/mnt/c/workspace/journal/codes/mark4_refactored/data/train/others_train_338.wav,others
/mnt/c/workspace/journal/codes/mark4_refactored/data/train/others_train_339.wav,others
/mnt/c/workspace/journal/codes/mark4_refactored/data/train/others_train_340.wav,others
/mnt/c/workspace/journal/codes/mark4_refactored/data/train/others_train_341.wav,others
/mnt/c/workspace/journal/codes/mark4_refactored/data/train/others_train_342.wav,others
/mnt/c/workspace/journal/codes/mark4_refactored/data/train/others_train_343.wav,others
/mnt/c/workspace/journal/codes/mark4_refactored/data/train/others_train_344.wav,others
/mnt/c/workspace/journal/codes/mark4_refactored/data/train/others_train_345.wav,others
/mnt/c/workspace/journal/codes/mark4_refactored/data/train/others_train_346.wav,others
/mnt/c/workspace/journal/codes/mark4_refactored/data/train/others_train_347.wav,others
/mnt/c/workspace/journal/codes/mark4_refactored/data/train/others_train_348.wav,others
/mnt/c/workspace/journal/codes/mark4_refactored/data/train/others_train_349.wav,others
/mnt/c/workspace/journal/codes/mark4_refactored/data/train/others_train_350.wav,others
/mnt/c/workspace/journal/codes/mark4_refactored/data/train/others_train_351.wav,others
/mnt/c/workspace/journal/codes/mark4_refactored/data/train/others_train_352.wav,others
/mnt/c/workspace/journal/codes/mark4_refactored/data/train/others_train_353.wav,others
/mnt/c/workspace/journal/codes/mark4_refactored/data/train/others_train_354.wav,others
/mnt/c/workspace/journal/codes/mark4_refactored/data/train/others_train_355.wav,others
/mnt/c/workspace/journal/codes/mark4_refactored/data/train/others_train_356.wav,others
/mnt/c/workspace/journal/codes/mark4_refactored/data/train/others_train_357.wav,others
/mnt/c/workspace/journal/codes/mark4_refactored/data/train/others_train_358.wav,others
/mnt/c/workspace/journal/codes/mark4_refactored/data/train/others_train_359.wav,others
/mnt/c/workspace/journal/codes/mark4_refactored/data/train/others_train_360.wav,others
/mnt/c/workspace/journal/codes/mark4_refactored/data/train/others_train_361.wav,others
/mnt/c/workspace/journal/codes/mark4_refactored/data/train/others_train_362.wav,others
/mnt/c/workspace/journal/codes/mark4_refactored/data/train/others_train_363.wav,others
/mnt/c/workspace/journal/codes/mark4_refactored/data/train/others_train_364.wav,others
/mnt/c/workspace/journal/codes/mark4_refactored/data/train/others_train_365.wav,others
/mnt/c/workspace/journal/codes/mark4_refactored/data/train/others_train_366.wav,others
/mnt/c/workspace/journal/codes/mark4_refactored/data/train/others_train_367.wav,others
/mnt/c/workspace/journal/codes/mark4_refactored/data/train/others_train_368.wav,others
/mnt/c/workspace/journal/codes/mark4_refactored/data/train/others_train_369.wav,others
/mnt/c/workspace/journal/codes/mark4_refactored/data/train/others_train_370.wav,others
/mnt/c/workspace/journal/codes/mark4_refactored/data/train/others_train_371.wav,others
/mnt/c/workspace/journal/codes/mark4_refactored/data/train/others_train_372.wav,others
/mnt/c/workspace/journal/codes/mark4_refactored/data/train/others_train_373.wav,others
/mnt/c/workspace/journal/codes/mark4_refactored/data/train/others_train_374.wav,others
/mnt/c/workspace/journal/codes/mark4_refactored/data/train/others_train_375.wav,others
/mnt/c/workspace/journal/codes/mark4_refactored/data/train/others_train_376.wav,others
/mnt/c/workspace/journal/codes/mark4_refactored/data/train/others_train_377.wav,others
/mnt/c/workspace/journal/codes/mark4_refactored/data/train/others_train_378.wav,others
/mnt/c/workspace/journal/codes/mark4_refactored/data/train/others_train_379.wav,others
/mnt/c/workspace/journal/codes/mark4_refactored/data/train/others_train_380.wav,others
/mnt/c/workspace/journal/codes/mark4_refactored/data/train/others_train_381.wav,others
/mnt/c/workspace/journal/codes/mark4_refactored/data/train/others_train_382.wav,others
/mnt/c/workspace/journal/codes/mark4_refactored/data/train/others_train_383.wav,others
/mnt/c/workspace/journal/codes/mark4_refactored/data/train/others_train_384.wav,others
/mnt/c/workspace/journal/codes/mark4_refactored/data/train/others_train_385.wav,others
/mnt/c/workspace/journal/codes/mark4_refactored/data/train/others_train_386.wav,others
/mnt/c/workspace/journal/codes/mark4_refactored/data/train/others_train_387.wav,others
/mnt/c/workspace/journal/codes/mark4_refactored/data/train/others_train_388.wav,others
/mnt/c/workspace/journal/codes/mark4_refactored/data/train/others_train_389.wav,others
/mnt/c/workspace/journal/codes/mark4_refactored/data/train/others_train_390.wav,others
/mnt/c/workspace/journal/codes/mark4_refactored/data/train/others_train_391.wav,others
/mnt/c/workspace/journal/codes/mark4_refactored/data/train/others_train_392.wav,others
/mnt/c/workspace/journal/codes/mark4_refactored/data/train/others_train_393.wav,others
/mnt/c/workspace/journal/codes/mark4_refactored/data/train/others_train_394.wav,others
/mnt/c/workspace/journal/codes/mark4_refactored/data/train/others_train_395.wav,others
/mnt/c/workspace/journal/codes/mark4_refactored/data/train/others_train_396.wav,others
/mnt/c/workspace/journal/codes/mark4_refactored/data/train/others_train_397.wav,others
/mnt/c/workspace/journal/codes/mark4_refactored/data/train/others_train_398.wav,others
/mnt/c/workspace/journal/codes/mark4_refactored/data/train/others_train_399.wav,others
/mnt/c/workspace/journal/codes/mark4_refactored/data/train/others_train_400.wav,others
/mnt/c/workspace/journal/codes/mark4_refactored/data/train/others_train_401.wav,others
/mnt/c/workspace/journal/codes/mark4_refactored/data/train/others_train_402.wav,others
/mnt/c/workspace/journal/codes/mark4_refactored/data/train/others_train_403.wav,others
/mnt/c/workspace/journal/codes/mark4_refactored/data/train/others_train_404.wav,others
/mnt/c/workspace/journal/codes/mark4_refactored/data/train/others_train_405.wav,others
/mnt/c/workspace/journal/codes/mark4_refactored/data/train/others_train_406.wav,others
/mnt/c/workspace/journal/codes/mark4_refactored/data/train/others_train_407.wav,others
/mnt/c/workspace/journal/codes/mark4_refactored/data/train/others_train_408.wav,others
/mnt/c/workspace/journal/codes/mark4_refactored/data/train/others_train_409.wav,others
/mnt/c/workspace/journal/codes/mark4_refactored/data/train/others_train_410.wav,others
/mnt/c/workspace/journal/codes/mark4_refactored/data/train/others_train_411.wav,others
/mnt/c/workspace/journal/codes/mark4_refactored/data/train/others_train_412.wav,others
/mnt/c/workspace/journal/codes/mark4_refactored/data/train/others_train_413.wav,others
/mnt/c/workspace/journal/codes/mark4_refactored/data/train/others_train_414.wav,others
/mnt/c/workspace/journal/codes/mark4_refactored/data/train/others_train_415.wav,others
/mnt/c/workspace/journal/codes/mark4_refactored/data/train/others_train_416.wav,others
/mnt/c/workspace/journal/codes/mark4_refactored/data/train/others_train_417.wav,others
/mnt/c/workspace/journal/codes/mark4_refactored/data/train/others_train_418.wav,others
/mnt/c/workspace/journal/codes/mark4_refactored/data/train/others_train_419.wav,others
/mnt/c/workspace/journal/codes/mark4_refactored/data/train/others_train_420.wav,others
/mnt/c/workspace/journal/codes/mark4_refactored/data/train/others_train_421.wav,others
/mnt/c/workspace/journal/codes/mark4_refactored/data/train/others_train_422.wav,others
/mnt/c/workspace/journal/codes/mark4_refactored/data/train/others_train_423.wav,others
/mnt/c/workspace/journal/codes/mark4_refactored/data/train/others_train_424.wav,others
/mnt/c/workspace/journal/codes/mark4_refactored/data/train/others_train_425.wav,others
/mnt/c/workspace/journal/codes/mark4_refactored/data/train/others_train_426.wav,others
/mnt/c/workspace/journal/codes/mark4_refactored/data/train/others_train_427.wav,others
/mnt/c/workspace/journal/codes/mark4_refactored/data/train/others_train_428.wav,others
/mnt/c/workspace/journal/codes/mark4_refactored/data/train/others_train_429.wav,others
/mnt/c/workspace/journal/codes/mark4_refactored/data/train/others_train_430.wav,others
/mnt/c/workspace/journal/codes/mark4_refactored/data/train/others_train_431.wav,others
/mnt/c/workspace/journal/codes/mark4_refactored/data/train/others_train_432.wav,others
/mnt/c/workspace/journal/codes/mark4_refactored/data/train/others_train_433.wav,others
/mnt/c/workspace/journal/codes/mark4_refactored/data/train/others_train_434.wav,others
/mnt/c/workspace/journal/codes/mark4_refactored/data/train/others_train_435.wav,others
/mnt/c/workspace/journal/codes/mark4_refactored/data/train/others_train_436.wav,others
/mnt/c/workspace/journal/codes/mark4_refactored/data/train/others_train_437.wav,others
/mnt/c/workspace/journal/codes/mark4_refactored/data/train/others_train_438.wav,others
/mnt/c/workspace/journal/codes/mark4_refactored/data/train/others_train_439.wav,others
/mnt/c/workspace/journal/codes/mark4_refactored/data/train/others_train_440.wav,others
/mnt/c/workspace/journal/codes/mark4_refactored/data/train/others_train_441.wav,others
/mnt/c/workspace/journal/codes/mark4_refactored/data/train/others_train_442.wav,others
/mnt/c/workspace/journal/codes/mark4_refactored/data/train/others_train_443.wav,others
/mnt/c/workspace/journal/codes/mark4_refactored/data/train/others_train_444.wav,others
/mnt/c/workspace/journal/codes/mark4_refactored/data/train/others_train_445.wav,others
/mnt/c/workspace/journal/codes/mark4_refactored/data/train/others_train_446.wav,others
/mnt/c/workspace/journal/codes/mark4_refactored/data/train/others_train_447.wav,others
/mnt/c/workspace/journal/codes/mark4_refactored/data/train/others_train_448.wav,others
/mnt/c/workspace/journal/codes/mark4_refactored/data/train/others_train_449.wav,others
/mnt/c/workspace/journal/codes/mark4_refactored/data/train/others_train_450.wav,others
/mnt/c/workspace/journal/codes/mark4_refactored/data/train/others_train_451.wav,others
/mnt/c/workspace/journal/codes/mark4_refactored/data/train/others_train_452.wav,others
/mnt/c/workspace/journal/codes/mark4_refactored/data/train/others_train_453.wav,others
/mnt/c/workspace/journal/codes/mark4_refactored/data/train/others_train_454.wav,others
/mnt/c/workspace/journal/codes/mark4_refactored/data/train/others_train_455.wav,others
/mnt/c/workspace/journal/codes/mark4_refactored/data/train/others_train_456.wav,others
/mnt/c/workspace/journal/codes/mark4_refactored/data/train/others_train_457.wav,others
/mnt/c/workspace/journal/codes/mark4_refactored/data/train/others_train_458.wav,others
/mnt/c/workspace/journal/codes/mark4_refactored/data/train/others_train_459.wav,others
/mnt/c/workspace/journal/codes/mark4_refactored/data/train/others_train_460.wav,others
/mnt/c/workspace/journal/codes/mark4_refactored/data/train/others_train_461.wav,others
/mnt/c/workspace/journal/codes/mark4_refactored/data/train/others_train_462.wav,others
/mnt/c/workspace/journal/codes/mark4_refactored/data/train/others_train_463.wav,others
/mnt/c/workspace/journal/codes/mark4_refactored/data/train/others_train_464.wav,others
/mnt/c/workspace/journal/codes/mark4_refactored/data/train/others_train_465.wav,others
/mnt/c/workspace/journal/codes/mark4_refactored/data/train/others_train_466.wav,others
/mnt/c/workspace/journal/codes/mark4_refactored/data/train/others_train_467.wav,others
/mnt/c/workspace/journal/codes/mark4_refactored/data/train/others_train_468.wav,others
/mnt/c/workspace/journal/codes/mark4_refactored/data/train/others_train_469.wav,others
/mnt/c/workspace/journal/codes/mark4_refactored/data/train/others_train_470.wav,others
/mnt/c/workspace/journal/codes/mark4_refactored/data/train/others_train_471.wav,others
/mnt/c/workspace/journal/codes/mark4_refactored/data/train/others_train_472.wav,others
/mnt/c/workspace/journal/codes/mark4_refactored/data/train/others_train_473.wav,others
/mnt/c/workspace/journal/codes/mark4_refactored/data/train/others_train_474.wav,others
/mnt/c/workspace/journal/codes/mark4_refactored/data/train/others_train_475.wav,others
/mnt/c/workspace/journal/codes/mark4_refactored/data/train/others_train_476.wav,others
/mnt/c/workspace/journal/codes/mark4_refactored/data/train/others_train_477.wav,others
/mnt/c/workspace/journal/codes/mark4_refactored/data/train/others_train_478.wav,others
/mnt/c/workspace/journal/codes/mark4_refactored/data/train/others_train_479.wav,others
/mnt/c/workspace/journal/codes/mark4_refactored/data/train/others_train_480.wav,others
/mnt/c/workspace/journal/codes/mark4_refactored/data/train/others_train_481.wav,others
/mnt/c/workspace/journal/codes/mark4_refactored/data/train/others_train_482.wav,others
/mnt/c/workspace/journal/codes/mark4_refactored/data/train/others_train_483.wav,others
/mnt/c/workspace/journal/codes/mark4_refactored/data/train/others_train_484.wav,others
/mnt/c/workspace/journal/codes/mark4_refactored/data/train/others_train_485.wav,others
/mnt/c/workspace/journal/codes/mark4_refactored/data/train/others_train_486.wav,others
/mnt/c/workspace/journal/codes/mark4_refactored/data/train/others_train_487.wav,others
/mnt/c/workspace/journal/codes/mark4_refactored/data/train/others_train_488.wav,others
/mnt/c/workspace/journal/codes/mark4_refactored/data/train/others_train_489.wav,others
/mnt/c/workspace/journal/codes/mark4_refactored/data/train/others_train_490.wav,others
/mnt/c/workspace/journal/codes/mark4_refactored/data/train/others_train_491.wav,others
/mnt/c/workspace/journal/codes/mark4_refactored/data/train/others_train_492.wav,others
/mnt/c/workspace/journal/codes/mark4_refactored/data/train/others_train_493.wav,others
/mnt/c/workspace/journal/codes/mark4_refactored/data/train/others_train_494.wav,others
/mnt/c/workspace/journal/codes/mark4_refactored/data/train/others_train_495.wav,others
/mnt/c/workspace/journal/codes/mark4_refactored/data/train/others_train_496.wav,others
/mnt/c/workspace/journal/codes/mark4_refactored/data/train/others_train_497.wav,others
/mnt/c/workspace/journal/codes/mark4_refactored/data/train/others_train_498.wav,others
/mnt/c/workspace/journal/codes/mark4_refactored/data/train/others_train_499.wav,others
/mnt/c/workspace/journal/codes/mark4_refactored/data/train/others_train_500.wav,others
/mnt/c/workspace/journal/codes/mark4_refactored/data/train/others_train_501.wav,others
/mnt/c/workspace/journal/codes/mark4_refactored/data/train/others_train_502.wav,others
/mnt/c/workspace/journal/codes/mark4_refactored/data/train/others_train_503.wav,others
/mnt/c/workspace/journal/codes/mark4_refactored/data/train/others_train_504.wav,others
/mnt/c/workspace/journal/codes/mark4_refactored/data/train/others_train_505.wav,others
/mnt/c/workspace/journal/codes/mark4_refactored/data/train/others_train_506.wav,others
/mnt/c/workspace/journal/codes/mark4_refactored/data/train/others_train_507.wav,others
/mnt/c/workspace/journal/codes/mark4_refactored/data/train/others_train_508.wav,others
/mnt/c/workspace/journal/codes/mark4_refactored/data/train/others_train_509.wav,others
/mnt/c/workspace/journal/codes/mark4_refactored/data/train/others_train_510.wav,others
/mnt/c/workspace/journal/codes/mark4_refactored/data/train/others_train_511.wav,others
/mnt/c/workspace/journal/codes/mark4_refactored/data/train/others_train_512.wav,others
/mnt/c/workspace/journal/codes/mark4_refactored/data/train/others_train_513.wav,others
/mnt/c/workspace/journal/codes/mark4_refactored/data/train/others_train_514.wav,others
/mnt/c/workspace/journal/codes/mark4_refactored/data/train/others_train_515.wav,others
/mnt/c/workspace/journal/codes/mark4_refactored/data/train/others_train_516.wav,others
/mnt/c/workspace/journal/codes/mark4_refactored/data/train/others_train_517.wav,others
/mnt/c/workspace/journal/codes/mark4_refactored/data/train/others_train_518.wav,others
/mnt/c/workspace/journal/codes/mark4_refactored/data/train/others_train_519.wav,others
/mnt/c/workspace/journal/codes/mark4_refactored/data/train/others_train_520.wav,others
/mnt/c/workspace/journal/codes/mark4_refactored/data/train/others_train_521.wav,others
/mnt/c/workspace/journal/codes/mark4_refactored/data/train/others_train_522.wav,others
/mnt/c/workspace/journal/codes/mark4_refactored/data/train/others_train_523.wav,others
/mnt/c/workspace/journal/codes/mark4_refactored/data/train/others_train_524.wav,others
/mnt/c/workspace/journal/codes/mark4_refactored/data/train/others_train_525.wav,others
/mnt/c/workspace/journal/codes/mark4_refactored/data/train/others_train_526.wav,others
/mnt/c/workspace/journal/codes/mark4_refactored/data/train/others_train_527.wav,others
/mnt/c/workspace/journal/codes/mark4_refactored/data/train/others_train_528.wav,others
/mnt/c/workspace/journal/codes/mark4_refactored/data/train/others_train_529.wav,others
/mnt/c/workspace/journal/codes/mark4_refactored/data/train/others_train_530.wav,others
/mnt/c/workspace/journal/codes/mark4_refactored/data/train/others_train_531.wav,others
/mnt/c/workspace/journal/codes/mark4_refactored/data/train/others_train_532.wav,others
/mnt/c/workspace/journal/codes/mark4_refactored/data/train/others_train_533.wav,others
/mnt/c/workspace/journal/codes/mark4_refactored/data/train/others_train_534.wav,others
/mnt/c/workspace/journal/codes/mark4_refactored/data/train/others_train_535.wav,others
/mnt/c/workspace/journal/codes/mark4_refactored/data/train/others_train_536.wav,others
/mnt/c/workspace/journal/codes/mark4_refactored/data/train/others_train_537.wav,others
/mnt/c/workspace/journal/codes/mark4_refactored/data/train/others_train_538.wav,others
/mnt/c/workspace/journal/codes/mark4_refactored/data/train/others_train_539.wav,others
/mnt/c/workspace/journal/codes/mark4_refactored/data/train/others_train_540.wav,others
/mnt/c/workspace/journal/codes/mark4_refactored/data/train/others_train_541.wav,others
/mnt/c/workspace/journal/codes/mark4_refactored/data/train/others_train_542.wav,others
/mnt/c/workspace/journal/codes/mark4_refactored/data/train/others_train_543.wav,others
/mnt/c/workspace/journal/codes/mark4_refactored/data/train/others_train_544.wav,others
/mnt/c/workspace/journal/codes/mark4_refactored/data/train/others_train_545.wav,others
/mnt/c/workspace/journal/codes/mark4_refactored/data/train/others_train_546.wav,others
/mnt/c/workspace/journal/codes/mark4_refactored/data/train/others_train_547.wav,others
/mnt/c/workspace/journal/codes/mark4_refactored/data/train/others_train_548.wav,others
/mnt/c/workspace/journal/codes/mark4_refactored/data/train/others_train_549.wav,others
/mnt/c/workspace/journal/codes/mark4_refactored/data/train/others_train_550.wav,others
/mnt/c/workspace/journal/codes/mark4_refactored/data/train/others_train_551.wav,others
/mnt/c/workspace/journal/codes/mark4_refactored/data/train/others_train_552.wav,others
/mnt/c/workspace/journal/codes/mark4_refactored/data/train/others_train_553.wav,others
/mnt/c/workspace/journal/codes/mark4_refactored/data/train/others_train_554.wav,others
/mnt/c/workspace/journal/codes/mark4_refactored/data/train/others_train_555.wav,others
/mnt/c/workspace/journal/codes/mark4_refactored/data/train/others_train_556.wav,others
/mnt/c/workspace/journal/codes/mark4_refactored/data/train/others_train_557.wav,others
/mnt/c/workspace/journal/codes/mark4_refactored/data/train/others_train_558.wav,others
/mnt/c/workspace/journal/codes/mark4_refactored/data/train/others_train_559.wav,others
/mnt/c/workspace/journal/codes/mark4_refactored/data/train/others_train_560.wav,others
/mnt/c/workspace/journal/codes/mark4_refactored/data/train/others_train_561.wav,others
/mnt/c/workspace/journal/codes/mark4_refactored/data/train/others_train_562.wav,others
/mnt/c/workspace/journal/codes/mark4_refactored/data/train/others_train_563.wav,others
/mnt/c/workspace/journal/codes/mark4_refactored/data/train/others_train_564.wav,others
/mnt/c/workspace/journal/codes/mark4_refactored/data/train/others_train_565.wav,others
/mnt/c/workspace/journal/codes/mark4_refactored/data/train/others_train_566.wav,others
/mnt/c/workspace/journal/codes/mark4_refactored/data/train/others_train_567.wav,others
/mnt/c/workspace/journal/codes/mark4_refactored/data/train/others_train_568.wav,others
/mnt/c/workspace/journal/codes/mark4_refactored/data/train/others_train_569.wav,others
/mnt/c/workspace/journal/codes/mark4_refactored/data/train/others_train_570.wav,others
/mnt/c/workspace/journal/codes/mark4_refactored/data/train/others_train_571.wav,others
/mnt/c/workspace/journal/codes/mark4_refactored/data/train/others_train_572.wav,others
/mnt/c/workspace/journal/codes/mark4_refactored/data/train/others_train_573.wav,others
/mnt/c/workspace/journal/codes/mark4_refactored/data/train/others_train_574.wav,others
/mnt/c/workspace/journal/codes/mark4_refactored/data/train/others_train_575.wav,others
/mnt/c/workspace/journal/codes/mark4_refactored/data/train/others_train_576.wav,others
/mnt/c/workspace/journal/codes/mark4_refactored/data/train/others_train_577.wav,others
/mnt/c/workspace/journal/codes/mark4_refactored/data/train/others_train_578.wav,others
/mnt/c/workspace/journal/codes/mark4_refactored/data/train/others_train_579.wav,others
/mnt/c/workspace/journal/codes/mark4_refactored/data/train/others_train_580.wav,others
/mnt/c/workspace/journal/codes/mark4_refactored/data/train/others_train_581.wav,others
/mnt/c/workspace/journal/codes/mark4_refactored/data/train/others_train_582.wav,others
/mnt/c/workspace/journal/codes/mark4_refactored/data/train/others_train_583.wav,others
/mnt/c/workspace/journal/codes/mark4_refactored/data/train/others_train_584.wav,others
/mnt/c/workspace/journal/codes/mark4_refactored/data/train/others_train_585.wav,others
/mnt/c/workspace/journal/codes/mark4_refactored/data/train/others_train_586.wav,others
/mnt/c/workspace/journal/codes/mark4_refactored/data/train/others_train_587.wav,others
/mnt/c/workspace/journal/codes/mark4_refactored/data/train/others_train_588.wav,others
/mnt/c/workspace/journal/codes/mark4_refactored/data/train/others_train_589.wav,others
/mnt/c/workspace/journal/codes/mark4_refactored/data/train/others_train_590.wav,others
/mnt/c/workspace/journal/codes/mark4_refactored/data/train/others_train_591.wav,others
/mnt/c/workspace/journal/codes/mark4_refactored/data/train/others_train_592.wav,others
/mnt/c/workspace/journal/codes/mark4_refactored/data/train/others_train_593.wav,others
/mnt/c/workspace/journal/codes/mark4_refactored/data/train/others_train_594.wav,others
/mnt/c/workspace/journal/codes/mark4_refactored/data/train/others_train_595.wav,others
/mnt/c/workspace/journal/codes/mark4_refactored/data/train/others_train_596.wav,others
/mnt/c/workspace/journal/codes/mark4_refactored/data/train/others_train_597.wav,others
/mnt/c/workspace/journal/codes/mark4_refactored/data/train/others_train_598.wav,others
/mnt/c/workspace/journal/codes/mark4_refactored/data/train/others_train_599.wav,others
/mnt/c/workspace/journal/codes/mark4_refactored/data/train/others_train_600.wav,others
/mnt/c/workspace/journal/codes/mark4_refactored/data/train/others_train_601.wav,others
/mnt/c/workspace/journal/codes/mark4_refactored/data/train/others_train_602.wav,others
/mnt/c/workspace/journal/codes/mark4_refactored/data/train/others_train_603.wav,others
/mnt/c/workspace/journal/codes/mark4_refactored/data/train/others_train_604.wav,others
/mnt/c/workspace/journal/codes/mark4_refactored/data/train/others_train_605.wav,others
/mnt/c/workspace/journal/codes/mark4_refactored/data/train/others_train_606.wav,others
/mnt/c/workspace/journal/codes/mark4_refactored/data/train/others_train_607.wav,others
/mnt/c/workspace/journal/codes/mark4_refactored/data/train/others_train_608.wav,others
/mnt/c/workspace/journal/codes/mark4_refactored/data/train/others_train_609.wav,others
/mnt/c/workspace/journal/codes/mark4_refactored/data/train/others_train_610.wav,others
/mnt/c/workspace/journal/codes/mark4_refactored/data/train/others_train_611.wav,others
/mnt/c/workspace/journal/codes/mark4_refactored/data/train/others_train_612.wav,others
/mnt/c/workspace/journal/codes/mark4_refactored/data/train/others_train_613.wav,others
/mnt/c/workspace/journal/codes/mark4_refactored/data/train/others_train_614.wav,others
/mnt/c/workspace/journal/codes/mark4_refactored/data/train/others_train_615.wav,others
/mnt/c/workspace/journal/codes/mark4_refactored/data/train/others_train_616.wav,others
/mnt/c/workspace/journal/codes/mark4_refactored/data/train/others_train_617.wav,others
/mnt/c/workspace/journal/codes/mark4_refactored/data/train/others_train_618.wav,others
/mnt/c/workspace/journal/codes/mark4_refactored/data/train/others_train_619.wav,others
/mnt/c/workspace/journal/codes/mark4_refactored/data/train/others_train_620.wav,others
/mnt/c/workspace/journal/codes/mark4_refactored/data/train/others_train_621.wav,others
/mnt/c/workspace/journal/codes/mark4_refactored/data/train/others_train_622.wav,others
/mnt/c/workspace/journal/codes/mark4_refactored/data/train/others_train_623.wav,others
/mnt/c/workspace/journal/codes/mark4_refactored/data/train/others_train_624.wav,others
/mnt/c/workspace/journal/codes/mark4_refactored/data/train/others_train_625.wav,others
/mnt/c/workspace/journal/codes/mark4_refactored/data/train/others_train_626.wav,others
/mnt/c/workspace/journal/codes/mark4_refactored/data/train/others_train_627.wav,others
/mnt/c/workspace/journal/codes/mark4_refactored/data/train/others_train_628.wav,others
/mnt/c/workspace/journal/codes/mark4_refactored/data/train/others_train_629.wav,others
/mnt/c/workspace/journal/codes/mark4_refactored/data/train/others_train_630.wav,others
/mnt/c/workspace/journal/codes/mark4_refactored/data/train/others_train_631.wav,others
/mnt/c/workspace/journal/codes/mark4_refactored/data/train/others_train_632.wav,others
/mnt/c/workspace/journal/codes/mark4_refactored/data/train/others_train_633.wav,others
/mnt/c/workspace/journal/codes/mark4_refactored/data/train/others_train_634.wav,others
/mnt/c/workspace/journal/codes/mark4_refactored/data/train/others_train_635.wav,others
/mnt/c/workspace/journal/codes/mark4_refactored/data/train/others_train_636.wav,others
/mnt/c/workspace/journal/codes/mark4_refactored/data/train/others_train_637.wav,others
/mnt/c/workspace/journal/codes/mark4_refactored/data/train/others_train_638.wav,others
/mnt/c/workspace/journal/codes/mark4_refactored/data/train/others_train_639.wav,others
/mnt/c/workspace/journal/codes/mark4_refactored/data/train/others_train_640.wav,others
/mnt/c/workspace/journal/codes/mark4_refactored/data/train/others_train_641.wav,others
/mnt/c/workspace/journal/codes/mark4_refactored/data/train/others_train_642.wav,others
/mnt/c/workspace/journal/codes/mark4_refactored/data/train/others_train_643.wav,others
/mnt/c/workspace/journal/codes/mark4_refactored/data/train/others_train_644.wav,others
/mnt/c/workspace/journal/codes/mark4_refactored/data/train/others_train_645.wav,others
/mnt/c/workspace/journal/codes/mark4_refactored/data/train/others_train_646.wav,others
/mnt/c/workspace/journal/codes/mark4_refactored/data/train/others_train_647.wav,others
/mnt/c/workspace/journal/codes/mark4_refactored/data/train/others_train_648.wav,others
/mnt/c/workspace/journal/codes/mark4_refactored/data/train/others_train_649.wav,others
/mnt/c/workspace/journal/codes/mark4_refactored/data/train/others_train_650.wav,others
/mnt/c/workspace/journal/codes/mark4_refactored/data/train/others_train_651.wav,others
/mnt/c/workspace/journal/codes/mark4_refactored/data/train/others_train_652.wav,others
/mnt/c/workspace/journal/codes/mark4_refactored/data/train/others_train_653.wav,others
/mnt/c/workspace/journal/codes/mark4_refactored/data/train/others_train_654.wav,others
/mnt/c/workspace/journal/codes/mark4_refactored/data/train/others_train_655.wav,others
/mnt/c/workspace/journal/codes/mark4_refactored/data/train/others_train_656.wav,others
/mnt/c/workspace/journal/codes/mark4_refactored/data/train/others_train_657.wav,others
/mnt/c/workspace/journal/codes/mark4_refactored/data/train/others_train_658.wav,others
/mnt/c/workspace/journal/codes/mark4_refactored/data/train/others_train_659.wav,others
/mnt/c/workspace/journal/codes/mark4_refactored/data/train/others_train_660.wav,others
/mnt/c/workspace/journal/codes/mark4_refactored/data/train/others_train_661.wav,others
/mnt/c/workspace/journal/codes/mark4_refactored/data/train/others_train_662.wav,others
/mnt/c/workspace/journal/codes/mark4_refactored/data/train/others_train_663.wav,others
/mnt/c/workspace/journal/codes/mark4_refactored/data/train/others_train_664.wav,others
/mnt/c/workspace/journal/codes/mark4_refactored/data/train/others_train_665.wav,others
/mnt/c/workspace/journal/codes/mark4_refactored/data/train/others_train_666.wav,others
/mnt/c/workspace/journal/codes/mark4_refactored/data/train/others_train_667.wav,others
/mnt/c/workspace/journal/codes/mark4_refactored/data/train/others_train_668.wav,others
/mnt/c/workspace/journal/codes/mark4_refactored/data/train/others_train_669.wav,others
/mnt/c/workspace/journal/codes/mark4_refactored/data/train/others_train_670.wav,others
/mnt/c/workspace/journal/codes/mark4_refactored/data/train/others_train_671.wav,others
/mnt/c/workspace/journal/codes/mark4_refactored/data/train/others_train_672.wav,others
/mnt/c/workspace/journal/codes/mark4_refactored/data/train/others_train_673.wav,others
/mnt/c/workspace/journal/codes/mark4_refactored/data/train/others_train_674.wav,others
/mnt/c/workspace/journal/codes/mark4_refactored/data/train/others_train_675.wav,others
/mnt/c/workspace/journal/codes/mark4_refactored/data/train/others_train_676.wav,others
/mnt/c/workspace/journal/codes/mark4_refactored/data/train/others_train_677.wav,others
/mnt/c/workspace/journal/codes/mark4_refactored/data/train/others_train_678.wav,others
/mnt/c/workspace/journal/codes/mark4_refactored/data/train/others_train_679.wav,others
/mnt/c/workspace/journal/codes/mark4_refactored/data/train/others_train_680.wav,others
/mnt/c/workspace/journal/codes/mark4_refactored/data/train/others_train_681.wav,others
/mnt/c/workspace/journal/codes/mark4_refactored/data/train/others_train_682.wav,others
/mnt/c/workspace/journal/codes/mark4_refactored/data/train/others_train_683.wav,others
/mnt/c/workspace/journal/codes/mark4_refactored/data/train/others_train_684.wav,others
/mnt/c/workspace/journal/codes/mark4_refactored/data/train/others_train_685.wav,others
/mnt/c/workspace/journal/codes/mark4_refactored/data/train/others_train_686.wav,others
/mnt/c/workspace/journal/codes/mark4_refactored/data/train/others_train_687.wav,others
/mnt/c/workspace/journal/codes/mark4_refactored/data/train/others_train_688.wav,others
/mnt/c/workspace/journal/codes/mark4_refactored/data/train/others_train_689.wav,others
/mnt/c/workspace/journal/codes/mark4_refactored/data/train/others_train_690.wav,others
/mnt/c/workspace/journal/codes/mark4_refactored/data/train/others_train_691.wav,others
/mnt/c/workspace/journal/codes/mark4_refactored/data/train/others_train_692.wav,others
/mnt/c/workspace/journal/codes/mark4_refactored/data/train/others_train_693.wav,others
/mnt/c/workspace/journal/codes/mark4_refactored/data/train/others_train_694.wav,others
/mnt/c/workspace/journal/codes/mark4_refactored/data/train/others_train_695.wav,others
/mnt/c/workspace/journal/codes/mark4_refactored/data/train/others_train_696.wav,others
/mnt/c/workspace/journal/codes/mark4_refactored/data/train/others_train_697.wav,others
/mnt/c/workspace/journal/codes/mark4_refactored/data/train/others_train_698.wav,others
/mnt/c/workspace/journal/codes/mark4_refactored/data/train/others_train_699.wav,others
/mnt/c/workspace/journal/codes/mark4_refactored/data/train/others_train_700.wav,others
/mnt/c/workspace/journal/codes/mark4_refactored/data/train/others_train_701.wav,others
/mnt/c/workspace/journal/codes/mark4_refactored/data/train/others_train_702.wav,others
/mnt/c/workspace/journal/codes/mark4_refactored/data/train/others_train_703.wav,others
/mnt/c/workspace/journal/codes/mark4_refactored/data/train/others_train_704.wav,others
/mnt/c/workspace/journal/codes/mark4_refactored/data/train/others_train_705.wav,others
/mnt/c/workspace/journal/codes/mark4_refactored/data/train/others_train_706.wav,others
/mnt/c/workspace/journal/codes/mark4_refactored/data/train/others_train_707.wav,others
/mnt/c/workspace/journal/codes/mark4_refactored/data/train/others_train_708.wav,others
/mnt/c/workspace/journal/codes/mark4_refactored/data/train/others_train_709.wav,others
/mnt/c/workspace/journal/codes/mark4_refactored/data/train/others_train_710.wav,others
/mnt/c/workspace/journal/codes/mark4_refactored/data/train/others_train_711.wav,others
/mnt/c/workspace/journal/codes/mark4_refactored/data/train/others_train_712.wav,others
/mnt/c/workspace/journal/codes/mark4_refactored/data/train/others_train_713.wav,others
/mnt/c/workspace/journal/codes/mark4_refactored/data/train/others_train_714.wav,others
/mnt/c/workspace/journal/codes/mark4_refactored/data/train/others_train_715.wav,others
/mnt/c/workspace/journal/codes/mark4_refactored/data/train/others_train_716.wav,others
/mnt/c/workspace/journal/codes/mark4_refactored/data/train/others_train_717.wav,others
/mnt/c/workspace/journal/codes/mark4_refactored/data/train/others_train_718.wav,others
/mnt/c/workspace/journal/codes/mark4_refactored/data/train/others_train_719.wav,others
/mnt/c/workspace/journal/codes/mark4_refactored/data/train/others_train_720.wav,others
/mnt/c/workspace/journal/codes/mark4_refactored/data/train/others_train_721.wav,others
/mnt/c/workspace/journal/codes/mark4_refactored/data/train/others_train_722.wav,others
/mnt/c/workspace/journal/codes/mark4_refactored/data/train/others_train_723.wav,others
/mnt/c/workspace/journal/codes/mark4_refactored/data/train/others_train_724.wav,others
/mnt/c/workspace/journal/codes/mark4_refactored/data/train/others_train_725.wav,others
/mnt/c/workspace/journal/codes/mark4_refactored/data/train/others_train_726.wav,others
/mnt/c/workspace/journal/codes/mark4_refactored/data/train/others_train_727.wav,others
/mnt/c/workspace/journal/codes/mark4_refactored/data/train/others_train_728.wav,others
/mnt/c/workspace/journal/codes/mark4_refactored/data/train/others_train_729.wav,others
/mnt/c/workspace/journal/codes/mark4_refactored/data/train/others_train_730.wav,others
/mnt/c/workspace/journal/codes/mark4_refactored/data/train/others_train_731.wav,others
/mnt/c/workspace/journal/codes/mark4_refactored/data/train/others_train_732.wav,others
/mnt/c/workspace/journal/codes/mark4_refactored/data/train/others_train_733.wav,others
/mnt/c/workspace/journal/codes/mark4_refactored/data/train/others_train_734.wav,others
/mnt/c/workspace/journal/codes/mark4_refactored/data/train/others_train_735.wav,others
/mnt/c/workspace/journal/codes/mark4_refactored/data/train/others_train_736.wav,others
/mnt/c/workspace/journal/codes/mark4_refactored/data/train/others_train_737.wav,others
/mnt/c/workspace/journal/codes/mark4_refactored/data/train/others_train_738.wav,others
/mnt/c/workspace/journal/codes/mark4_refactored/data/train/others_train_739.wav,others
/mnt/c/workspace/journal/codes/mark4_refactored/data/train/others_train_740.wav,others
/mnt/c/workspace/journal/codes/mark4_refactored/data/train/others_train_741.wav,others
/mnt/c/workspace/journal/codes/mark4_refactored/data/train/others_train_742.wav,others
/mnt/c/workspace/journal/codes/mark4_refactored/data/train/others_train_743.wav,others
/mnt/c/workspace/journal/codes/mark4_refactored/data/train/others_train_744.wav,others
/mnt/c/workspace/journal/codes/mark4_refactored/data/train/others_train_745.wav,others
/mnt/c/workspace/journal/codes/mark4_refactored/data/train/others_train_746.wav,others
/mnt/c/workspace/journal/codes/mark4_refactored/data/train/others_train_747.wav,others
/mnt/c/workspace/journal/codes/mark4_refactored/data/train/others_train_748.wav,others
/mnt/c/workspace/journal/codes/mark4_refactored/data/train/others_train_749.wav,others
/mnt/c/workspace/journal/codes/mark4_refactored/data/train/others_train_750.wav,others
/mnt/c/workspace/journal/codes/mark4_refactored/data/train/others_train_751.wav,others
/mnt/c/workspace/journal/codes/mark4_refactored/data/train/others_train_752.wav,others
/mnt/c/workspace/journal/codes/mark4_refactored/data/train/others_train_753.wav,others
/mnt/c/workspace/journal/codes/mark4_refactored/data/train/others_train_754.wav,others
/mnt/c/workspace/journal/codes/mark4_refactored/data/train/others_train_755.wav,others
/mnt/c/workspace/journal/codes/mark4_refactored/data/train/others_train_756.wav,others
/mnt/c/workspace/journal/codes/mark4_refactored/data/train/others_train_757.wav,others
/mnt/c/workspace/journal/codes/mark4_refactored/data/train/others_train_758.wav,others
/mnt/c/workspace/journal/codes/mark4_refactored/data/train/others_train_759.wav,others
/mnt/c/workspace/journal/codes/mark4_refactored/data/train/others_train_760.wav,others
/mnt/c/workspace/journal/codes/mark4_refactored/data/train/others_train_761.wav,others
/mnt/c/workspace/journal/codes/mark4_refactored/data/train/others_train_762.wav,others
/mnt/c/workspace/journal/codes/mark4_refactored/data/train/others_train_763.wav,others
/mnt/c/workspace/journal/codes/mark4_refactored/data/train/others_train_764.wav,others
/mnt/c/workspace/journal/codes/mark4_refactored/data/train/others_train_765.wav,others
/mnt/c/workspace/journal/codes/mark4_refactored/data/train/others_train_766.wav,others
/mnt/c/workspace/journal/codes/mark4_refactored/data/train/others_train_767.wav,others
/mnt/c/workspace/journal/codes/mark4_refactored/data/train/others_train_768.wav,others
/mnt/c/workspace/journal/codes/mark4_refactored/data/train/others_train_769.wav,others
/mnt/c/workspace/journal/codes/mark4_refactored/data/train/others_train_770.wav,others
/mnt/c/workspace/journal/codes/mark4_refactored/data/train/others_train_771.wav,others
/mnt/c/workspace/journal/codes/mark4_refactored/data/train/others_train_772.wav,others
/mnt/c/workspace/journal/codes/mark4_refactored/data/train/others_train_773.wav,others
/mnt/c/workspace/journal/codes/mark4_refactored/data/train/others_train_774.wav,others
/mnt/c/workspace/journal/codes/mark4_refactored/data/train/others_train_775.wav,others
/mnt/c/workspace/journal/codes/mark4_refactored/data/train/others_train_776.wav,others
/mnt/c/workspace/journal/codes/mark4_refactored/data/train/others_train_777.wav,others
/mnt/c/workspace/journal/codes/mark4_refactored/data/train/others_train_778.wav,others
/mnt/c/workspace/journal/codes/mark4_refactored/data/train/others_train_779.wav,others
/mnt/c/workspace/journal/codes/mark4_refactored/data/train/others_train_780.wav,others
/mnt/c/workspace/journal/codes/mark4_refactored/data/train/others_train_781.wav,others
/mnt/c/workspace/journal/codes/mark4_refactored/data/train/others_train_782.wav,others
/mnt/c/workspace/journal/codes/mark4_refactored/data/train/others_train_783.wav,others
/mnt/c/workspace/journal/codes/mark4_refactored/data/train/others_train_784.wav,others
/mnt/c/workspace/journal/codes/mark4_refactored/data/train/others_train_785.wav,others
/mnt/c/workspace/journal/codes/mark4_refactored/data/train/others_train_786.wav,others
/mnt/c/workspace/journal/codes/mark4_refactored/data/train/others_train_787.wav,others
/mnt/c/workspace/journal/codes/mark4_refactored/data/train/others_train_788.wav,others
/mnt/c/workspace/journal/codes/mark4_refactored/data/train/others_train_789.wav,others
/mnt/c/workspace/journal/codes/mark4_refactored/data/train/others_train_aug_001.wav,others
/mnt/c/workspace/journal/codes/mark4_refactored/data/train/others_train_aug_002.wav,others
/mnt/c/workspace/journal/codes/mark4_refactored/data/train/others_train_aug_003.wav,others
/mnt/c/workspace/journal/codes/mark4_refactored/data/train/others_train_aug_004.wav,others
/mnt/c/workspace/journal/codes/mark4_refactored/data/train/others_train_aug_005.wav,others
/mnt/c/workspace/journal/codes/mark4_refactored/data/train/others_train_aug_006.wav,others
/mnt/c/workspace/journal/codes/mark4_refactored/data/train/others_train_aug_007.wav,others
/mnt/c/workspace/journal/codes/mark4_refactored/data/train/others_train_aug_008.wav,others
/mnt/c/workspace/journal/codes/mark4_refactored/data/train/others_train_aug_009.wav,others
/mnt/c/workspace/journal/codes/mark4_refactored/data/train/others_train_aug_010.wav,others
/mnt/c/workspace/journal/codes/mark4_refactored/data/train/others_train_aug_011.wav,others
/mnt/c/workspace/journal/codes/mark4_refactored/data/train/others_train_aug_012.wav,others
/mnt/c/workspace/journal/codes/mark4_refactored/data/train/others_train_aug_013.wav,others
/mnt/c/workspace/journal/codes/mark4_refactored/data/train/others_train_aug_014.wav,others
/mnt/c/workspace/journal/codes/mark4_refactored/data/train/others_train_aug_015.wav,others
/mnt/c/workspace/journal/codes/mark4_refactored/data/train/others_train_aug_016.wav,others
/mnt/c/workspace/journal/codes/mark4_refactored/data/train/others_train_aug_017.wav,others
/mnt/c/workspace/journal/codes/mark4_refactored/data/train/others_train_aug_018.wav,others
/mnt/c/workspace/journal/codes/mark4_refactored/data/train/others_train_aug_019.wav,others
/mnt/c/workspace/journal/codes/mark4_refactored/data/train/others_train_aug_020.wav,others
/mnt/c/workspace/journal/codes/mark4_refactored/data/train/others_train_aug_021.wav,others
/mnt/c/workspace/journal/codes/mark4_refactored/data/train/others_train_aug_022.wav,others
/mnt/c/workspace/journal/codes/mark4_refactored/data/train/others_train_aug_023.wav,others
/mnt/c/workspace/journal/codes/mark4_refactored/data/train/others_train_aug_024.wav,others
/mnt/c/workspace/journal/codes/mark4_refactored/data/train/others_train_aug_025.wav,others
/mnt/c/workspace/journal/codes/mark4_refactored/data/train/others_train_aug_026.wav,others
/mnt/c/workspace/journal/codes/mark4_refactored/data/train/others_train_aug_027.wav,others
/mnt/c/workspace/journal/codes/mark4_refactored/data/train/others_train_aug_028.wav,others
/mnt/c/workspace/journal/codes/mark4_refactored/data/train/others_train_aug_029.wav,others
/mnt/c/workspace/journal/codes/mark4_refactored/data/train/others_train_aug_030.wav,others
/mnt/c/workspace/journal/codes/mark4_refactored/data/train/others_train_aug_031.wav,others
/mnt/c/workspace/journal/codes/mark4_refactored/data/train/others_train_aug_032.wav,others
/mnt/c/workspace/journal/codes/mark4_refactored/data/train/others_train_aug_033.wav,others
/mnt/c/workspace/journal/codes/mark4_refactored/data/train/others_train_aug_034.wav,others
/mnt/c/workspace/journal/codes/mark4_refactored/data/train/others_train_aug_035.wav,others
/mnt/c/workspace/journal/codes/mark4_refactored/data/train/others_train_aug_036.wav,others
/mnt/c/workspace/journal/codes/mark4_refactored/data/train/others_train_aug_037.wav,others
/mnt/c/workspace/journal/codes/mark4_refactored/data/train/others_train_aug_038.wav,others
/mnt/c/workspace/journal/codes/mark4_refactored/data/train/others_train_aug_039.wav,others
/mnt/c/workspace/journal/codes/mark4_refactored/data/train/others_train_aug_040.wav,others
/mnt/c/workspace/journal/codes/mark4_refactored/data/train/others_train_aug_041.wav,others
/mnt/c/workspace/journal/codes/mark4_refactored/data/train/others_train_aug_042.wav,others
/mnt/c/workspace/journal/codes/mark4_refactored/data/train/others_train_aug_043.wav,others
/mnt/c/workspace/journal/codes/mark4_refactored/data/train/others_train_aug_044.wav,others
/mnt/c/workspace/journal/codes/mark4_refactored/data/train/others_train_aug_045.wav,others
/mnt/c/workspace/journal/codes/mark4_refactored/data/train/others_train_aug_046.wav,others
/mnt/c/workspace/journal/codes/mark4_refactored/data/train/others_train_aug_047.wav,others
/mnt/c/workspace/journal/codes/mark4_refactored/data/train/others_train_aug_048.wav,others
/mnt/c/workspace/journal/codes/mark4_refactored/data/train/others_train_aug_049.wav,others
/mnt/c/workspace/journal/codes/mark4_refactored/data/train/others_train_aug_050.wav,others
/mnt/c/workspace/journal/codes/mark4_refactored/data/train/others_train_aug_051.wav,others
/mnt/c/workspace/journal/codes/mark4_refactored/data/train/others_train_aug_052.wav,others
/mnt/c/workspace/journal/codes/mark4_refactored/data/train/others_train_aug_053.wav,others
/mnt/c/workspace/journal/codes/mark4_refactored/data/train/others_train_aug_054.wav,others
/mnt/c/workspace/journal/codes/mark4_refactored/data/train/others_train_aug_055.wav,others
/mnt/c/workspace/journal/codes/mark4_refactored/data/train/others_train_aug_056.wav,others
/mnt/c/workspace/journal/codes/mark4_refactored/data/train/others_train_aug_057.wav,others
/mnt/c/workspace/journal/codes/mark4_refactored/data/train/others_train_aug_058.wav,others
/mnt/c/workspace/journal/codes/mark4_refactored/data/train/others_train_aug_059.wav,others
/mnt/c/workspace/journal/codes/mark4_refactored/data/train/others_train_aug_060.wav,others
/mnt/c/workspace/journal/codes/mark4_refactored/data/train/others_train_aug_061.wav,others
/mnt/c/workspace/journal/codes/mark4_refactored/data/train/others_train_aug_062.wav,others
/mnt/c/workspace/journal/codes/mark4_refactored/data/train/others_train_aug_063.wav,others
/mnt/c/workspace/journal/codes/mark4_refactored/data/train/others_train_aug_064.wav,others
/mnt/c/workspace/journal/codes/mark4_refactored/data/train/others_train_aug_065.wav,others
/mnt/c/workspace/journal/codes/mark4_refactored/data/train/others_train_aug_066.wav,others
/mnt/c/workspace/journal/codes/mark4_refactored/data/train/others_train_aug_067.wav,others
/mnt/c/workspace/journal/codes/mark4_refactored/data/train/others_train_aug_068.wav,others
/mnt/c/workspace/journal/codes/mark4_refactored/data/train/others_train_aug_069.wav,others
/mnt/c/workspace/journal/codes/mark4_refactored/data/train/others_train_aug_070.wav,others
/mnt/c/workspace/journal/codes/mark4_refactored/data/train/others_train_aug_071.wav,others
/mnt/c/workspace/journal/codes/mark4_refactored/data/train/others_train_aug_072.wav,others
/mnt/c/workspace/journal/codes/mark4_refactored/data/train/others_train_aug_073.wav,others
/mnt/c/workspace/journal/codes/mark4_refactored/data/train/others_train_aug_074.wav,others
/mnt/c/workspace/journal/codes/mark4_refactored/data/train/others_train_aug_075.wav,others
/mnt/c/workspace/journal/codes/mark4_refactored/data/train/others_train_aug_076.wav,others
/mnt/c/workspace/journal/codes/mark4_refactored/data/train/others_train_aug_077.wav,others
/mnt/c/workspace/journal/codes/mark4_refactored/data/train/others_train_aug_078.wav,others
/mnt/c/workspace/journal/codes/mark4_refactored/data/train/others_train_aug_079.wav,others
/mnt/c/workspace/journal/codes/mark4_refactored/data/train/others_train_aug_080.wav,others
/mnt/c/workspace/journal/codes/mark4_refactored/data/train/others_train_aug_081.wav,others
/mnt/c/workspace/journal/codes/mark4_refactored/data/train/others_train_aug_082.wav,others
/mnt/c/workspace/journal/codes/mark4_refactored/data/train/others_train_aug_083.wav,others
/mnt/c/workspace/journal/codes/mark4_refactored/data/train/others_train_aug_084.wav,others
/mnt/c/workspace/journal/codes/mark4_refactored/data/train/others_train_aug_085.wav,others
/mnt/c/workspace/journal/codes/mark4_refactored/data/train/others_train_aug_086.wav,others
/mnt/c/workspace/journal/codes/mark4_refactored/data/train/others_train_aug_087.wav,others
/mnt/c/workspace/journal/codes/mark4_refactored/data/train/others_train_aug_088.wav,others
/mnt/c/workspace/journal/codes/mark4_refactored/data/train/others_train_aug_089.wav,others
/mnt/c/workspace/journal/codes/mark4_refactored/data/train/others_train_aug_090.wav,others
/mnt/c/workspace/journal/codes/mark4_refactored/data/train/others_train_aug_091.wav,others
/mnt/c/workspace/journal/codes/mark4_refactored/data/train/others_train_aug_092.wav,others
/mnt/c/workspace/journal/codes/mark4_refactored/data/train/others_train_aug_093.wav,others
/mnt/c/workspace/journal/codes/mark4_refactored/data/train/others_train_aug_094.wav,others
/mnt/c/workspace/journal/codes/mark4_refactored/data/train/others_train_aug_095.wav,others
/mnt/c/workspace/journal/codes/mark4_refactored/data/train/others_train_aug_096.wav,others
/mnt/c/workspace/journal/codes/mark4_refactored/data/train/others_train_aug_097.wav,others
/mnt/c/workspace/journal/codes/mark4_refactored/data/train/others_train_aug_098.wav,others
/mnt/c/workspace/journal/codes/mark4_refactored/data/train/others_train_aug_099.wav,others
/mnt/c/workspace/journal/codes/mark4_refactored/data/train/others_train_aug_100.wav,others
/mnt/c/workspace/journal/codes/mark4_refactored/data/train/others_train_aug_101.wav,others
/mnt/c/workspace/journal/codes/mark4_refactored/data/train/others_train_aug_102.wav,others
/mnt/c/workspace/journal/codes/mark4_refactored/data/train/others_train_aug_103.wav,others
/mnt/c/workspace/journal/codes/mark4_refactored/data/train/others_train_aug_104.wav,others
/mnt/c/workspace/journal/codes/mark4_refactored/data/train/others_train_aug_105.wav,others
/mnt/c/workspace/journal/codes/mark4_refactored/data/train/others_train_aug_106.wav,others
/mnt/c/workspace/journal/codes/mark4_refactored/data/train/others_train_aug_107.wav,others
/mnt/c/workspace/journal/codes/mark4_refactored/data/train/others_train_aug_108.wav,others
/mnt/c/workspace/journal/codes/mark4_refactored/data/train/others_train_aug_109.wav,others
/mnt/c/workspace/journal/codes/mark4_refactored/data/train/others_train_aug_110.wav,others
/mnt/c/workspace/journal/codes/mark4_refactored/data/train/others_train_aug_111.wav,others
/mnt/c/workspace/journal/codes/mark4_refactored/data/train/others_train_aug_112.wav,others
/mnt/c/workspace/journal/codes/mark4_refactored/data/train/others_train_aug_113.wav,others
/mnt/c/workspace/journal/codes/mark4_refactored/data/train/others_train_aug_114.wav,others
/mnt/c/workspace/journal/codes/mark4_refactored/data/train/others_train_aug_115.wav,others
/mnt/c/workspace/journal/codes/mark4_refactored/data/train/others_train_aug_116.wav,others
/mnt/c/workspace/journal/codes/mark4_refactored/data/train/others_train_aug_117.wav,others
/mnt/c/workspace/journal/codes/mark4_refactored/data/train/others_train_aug_118.wav,others
/mnt/c/workspace/journal/codes/mark4_refactored/data/train/others_train_aug_119.wav,others
/mnt/c/workspace/journal/codes/mark4_refactored/data/train/others_train_aug_120.wav,others
/mnt/c/workspace/journal/codes/mark4_refactored/data/train/others_train_aug_121.wav,others
/mnt/c/workspace/journal/codes/mark4_refactored/data/train/others_train_aug_122.wav,others
/mnt/c/workspace/journal/codes/mark4_refactored/data/train/others_train_aug_123.wav,others
/mnt/c/workspace/journal/codes/mark4_refactored/data/train/others_train_aug_124.wav,others
/mnt/c/workspace/journal/codes/mark4_refactored/data/train/others_train_aug_125.wav,others
/mnt/c/workspace/journal/codes/mark4_refactored/data/train/others_train_aug_126.wav,others
/mnt/c/workspace/journal/codes/mark4_refactored/data/train/others_train_aug_127.wav,others
/mnt/c/workspace/journal/codes/mark4_refactored/data/train/others_train_aug_128.wav,others
/mnt/c/workspace/journal/codes/mark4_refactored/data/train/others_train_aug_129.wav,others
/mnt/c/workspace/journal/codes/mark4_refactored/data/train/others_train_aug_130.wav,others
/mnt/c/workspace/journal/codes/mark4_refactored/data/train/others_train_aug_131.wav,others
/mnt/c/workspace/journal/codes/mark4_refactored/data/train/others_train_aug_132.wav,others
/mnt/c/workspace/journal/codes/mark4_refactored/data/train/others_train_aug_133.wav,others
/mnt/c/workspace/journal/codes/mark4_refactored/data/train/others_train_aug_134.wav,others
/mnt/c/workspace/journal/codes/mark4_refactored/data/train/others_train_aug_135.wav,others
/mnt/c/workspace/journal/codes/mark4_refactored/data/train/others_train_aug_136.wav,others
/mnt/c/workspace/journal/codes/mark4_refactored/data/train/others_train_aug_137.wav,others
/mnt/c/workspace/journal/codes/mark4_refactored/data/train/others_train_aug_138.wav,others
/mnt/c/workspace/journal/codes/mark4_refactored/data/train/others_train_aug_139.wav,others
/mnt/c/workspace/journal/codes/mark4_refactored/data/train/others_train_aug_140.wav,others
/mnt/c/workspace/journal/codes/mark4_refactored/data/train/others_train_aug_141.wav,others
/mnt/c/workspace/journal/codes/mark4_refactored/data/train/others_train_aug_142.wav,others
/mnt/c/workspace/journal/codes/mark4_refactored/data/train/others_train_aug_143.wav,others
/mnt/c/workspace/journal/codes/mark4_refactored/data/train/others_train_aug_144.wav,others
/mnt/c/workspace/journal/codes/mark4_refactored/data/train/others_train_aug_145.wav,others
/mnt/c/workspace/journal/codes/mark4_refactored/data/train/others_train_aug_146.wav,others
/mnt/c/workspace/journal/codes/mark4_refactored/data/train/others_train_aug_147.wav,others
/mnt/c/workspace/journal/codes/mark4_refactored/data/train/others_train_aug_148.wav,others
/mnt/c/workspace/journal/codes/mark4_refactored/data/train/others_train_aug_149.wav,others
/mnt/c/workspace/journal/codes/mark4_refactored/data/train/others_train_aug_150.wav,others
/mnt/c/workspace/journal/codes/mark4_refactored/data/train/others_train_aug_151.wav,others
/mnt/c/workspace/journal/codes/mark4_refactored/data/train/others_train_aug_152.wav,others
/mnt/c/workspace/journal/codes/mark4_refactored/data/train/others_train_aug_153.wav,others
/mnt/c/workspace/journal/codes/mark4_refactored/data/train/others_train_aug_154.wav,others
/mnt/c/workspace/journal/codes/mark4_refactored/data/train/others_train_aug_155.wav,others
/mnt/c/workspace/journal/codes/mark4_refactored/data/train/others_train_aug_156.wav,others
/mnt/c/workspace/journal/codes/mark4_refactored/data/train/others_train_aug_157.wav,others
/mnt/c/workspace/journal/codes/mark4_refactored/data/train/others_train_aug_158.wav,others
/mnt/c/workspace/journal/codes/mark4_refactored/data/train/others_train_aug_159.wav,others
/mnt/c/workspace/journal/codes/mark4_refactored/data/train/others_train_aug_160.wav,others
/mnt/c/workspace/journal/codes/mark4_refactored/data/train/others_train_aug_161.wav,others
/mnt/c/workspace/journal/codes/mark4_refactored/data/train/others_train_aug_162.wav,others
/mnt/c/workspace/journal/codes/mark4_refactored/data/train/others_train_aug_163.wav,others
/mnt/c/workspace/journal/codes/mark4_refactored/data/train/others_train_aug_164.wav,others
/mnt/c/workspace/journal/codes/mark4_refactored/data/train/others_train_aug_165.wav,others
/mnt/c/workspace/journal/codes/mark4_refactored/data/train/others_train_aug_166.wav,others
/mnt/c/workspace/journal/codes/mark4_refactored/data/train/others_train_aug_167.wav,others
/mnt/c/workspace/journal/codes/mark4_refactored/data/train/others_train_aug_168.wav,others
/mnt/c/workspace/journal/codes/mark4_refactored/data/train/others_train_aug_169.wav,others
/mnt/c/workspace/journal/codes/mark4_refactored/data/train/others_train_aug_170.wav,others
/mnt/c/workspace/journal/codes/mark4_refactored/data/train/others_train_aug_171.wav,others
/mnt/c/workspace/journal/codes/mark4_refactored/data/train/others_train_aug_172.wav,others
/mnt/c/workspace/journal/codes/mark4_refactored/data/train/others_train_aug_173.wav,others
/mnt/c/workspace/journal/codes/mark4_refactored/data/train/others_train_aug_174.wav,others
/mnt/c/workspace/journal/codes/mark4_refactored/data/train/others_train_aug_175.wav,others
/mnt/c/workspace/journal/codes/mark4_refactored/data/train/others_train_aug_176.wav,others
/mnt/c/workspace/journal/codes/mark4_refactored/data/train/others_train_aug_177.wav,others
/mnt/c/workspace/journal/codes/mark4_refactored/data/train/others_train_aug_178.wav,others
/mnt/c/workspace/journal/codes/mark4_refactored/data/train/others_train_aug_179.wav,others
/mnt/c/workspace/journal/codes/mark4_refactored/data/train/others_train_aug_180.wav,others
/mnt/c/workspace/journal/codes/mark4_refactored/data/train/others_train_aug_181.wav,others
/mnt/c/workspace/journal/codes/mark4_refactored/data/train/others_train_aug_182.wav,others
/mnt/c/workspace/journal/codes/mark4_refactored/data/train/others_train_aug_183.wav,others
/mnt/c/workspace/journal/codes/mark4_refactored/data/train/others_train_aug_184.wav,others
/mnt/c/workspace/journal/codes/mark4_refactored/data/train/others_train_aug_185.wav,others
/mnt/c/workspace/journal/codes/mark4_refactored/data/train/others_train_aug_186.wav,others
/mnt/c/workspace/journal/codes/mark4_refactored/data/train/others_train_aug_187.wav,others
/mnt/c/workspace/journal/codes/mark4_refactored/data/train/others_train_aug_188.wav,others
/mnt/c/workspace/journal/codes/mark4_refactored/data/train/others_train_aug_189.wav,others
/mnt/c/workspace/journal/codes/mark4_refactored/data/train/others_train_aug_190.wav,others
/mnt/c/workspace/journal/codes/mark4_refactored/data/train/others_train_aug_191.wav,others
/mnt/c/workspace/journal/codes/mark4_refactored/data/train/others_train_aug_192.wav,others
/mnt/c/workspace/journal/codes/mark4_refactored/data/train/others_train_aug_193.wav,others
/mnt/c/workspace/journal/codes/mark4_refactored/data/train/others_train_aug_194.wav,others
/mnt/c/workspace/journal/codes/mark4_refactored/data/train/others_train_aug_195.wav,others
/mnt/c/workspace/journal/codes/mark4_refactored/data/train/others_train_aug_196.wav,others
/mnt/c/workspace/journal/codes/mark4_refactored/data/train/others_train_aug_197.wav,others
/mnt/c/workspace/journal/codes/mark4_refactored/data/train/others_train_aug_198.wav,others
/mnt/c/workspace/journal/codes/mark4_refactored/data/train/others_train_aug_199.wav,others
/mnt/c/workspace/journal/codes/mark4_refactored/data/train/others_train_aug_200.wav,others
/mnt/c/workspace/journal/codes/mark4_refactored/data/train/others_train_aug_201.wav,others
/mnt/c/workspace/journal/codes/mark4_refactored/data/train/others_train_aug_202.wav,others
/mnt/c/workspace/journal/codes/mark4_refactored/data/train/others_train_aug_203.wav,others
/mnt/c/workspace/journal/codes/mark4_refactored/data/train/others_train_aug_204.wav,others
/mnt/c/workspace/journal/codes/mark4_refactored/data/train/others_train_aug_205.wav,others
/mnt/c/workspace/journal/codes/mark4_refactored/data/train/others_train_aug_206.wav,others
/mnt/c/workspace/journal/codes/mark4_refactored/data/train/others_train_aug_207.wav,others
/mnt/c/workspace/journal/codes/mark4_refactored/data/train/others_train_aug_208.wav,others
/mnt/c/workspace/journal/codes/mark4_refactored/data/train/others_train_aug_209.wav,others
/mnt/c/workspace/journal/codes/mark4_refactored/data/train/others_train_aug_210.wav,others
/mnt/c/workspace/journal/codes/mark4_refactored/data/train/others_train_aug_211.wav,others
/mnt/c/workspace/journal/codes/mark4_refactored/data/val/dog_bark_val_001.wav,dog_bark
/mnt/c/workspace/journal/codes/mark4_refactored/data/val/dog_bark_val_002.wav,dog_bark
/mnt/c/workspace/journal/codes/mark4_refactored/data/val/dog_bark_val_003.wav,dog_bark
/mnt/c/workspace/journal/codes/mark4_refactored/data/val/dog_bark_val_004.wav,dog_bark
/mnt/c/workspace/journal/codes/mark4_refactored/data/val/dog_bark_val_005.wav,dog_bark
/mnt/c/workspace/journal/codes/mark4_refactored/data/val/dog_bark_val_006.wav,dog_bark
/mnt/c/workspace/journal/codes/mark4_refactored/data/val/dog_bark_val_007.wav,dog_bark
/mnt/c/workspace/journal/codes/mark4_refactored/data/val/dog_bark_val_008.wav,dog_bark
/mnt/c/workspace/journal/codes/mark4_refactored/data/val/dog_bark_val_009.wav,dog_bark
/mnt/c/workspace/journal/codes/mark4_refactored/data/val/dog_bark_val_010.wav,dog_bark
/mnt/c/workspace/journal/codes/mark4_refactored/data/val/dog_bark_val_011.wav,dog_bark
/mnt/c/workspace/journal/codes/mark4_refactored/data/val/dog_bark_val_012.wav,dog_bark
/mnt/c/workspace/journal/codes/mark4_refactored/data/val/dog_bark_val_013.wav,dog_bark
/mnt/c/workspace/journal/codes/mark4_refactored/data/val/dog_bark_val_014.wav,dog_bark
/mnt/c/workspace/journal/codes/mark4_refactored/data/val/dog_bark_val_015.wav,dog_bark
/mnt/c/workspace/journal/codes/mark4_refactored/data/val/dog_bark_val_016.wav,dog_bark
/mnt/c/workspace/journal/codes/mark4_refactored/data/val/dog_bark_val_017.wav,dog_bark
/mnt/c/workspace/journal/codes/mark4_refactored/data/val/dog_bark_val_018.wav,dog_bark
/mnt/c/workspace/journal/codes/mark4_refactored/data/val/dog_bark_val_019.wav,dog_bark
/mnt/c/workspace/journal/codes/mark4_refactored/data/val/dog_bark_val_020.wav,dog_bark
/mnt/c/workspace/journal/codes/mark4_refactored/data/val/dog_bark_val_021.wav,dog_bark
/mnt/c/workspace/journal/codes/mark4_refactored/data/val/dog_bark_val_022.wav,dog_bark
/mnt/c/workspace/journal/codes/mark4_refactored/data/val/dog_bark_val_023.wav,dog_bark
/mnt/c/workspace/journal/codes/mark4_refactored/data/val/dog_bark_val_024.wav,dog_bark
/mnt/c/workspace/journal/codes/mark4_refactored/data/val/dog_bark_val_025.wav,dog_bark
/mnt/c/workspace/journal/codes/mark4_refactored/data/val/dog_bark_val_026.wav,dog_bark
/mnt/c/workspace/journal/codes/mark4_refactored/data/val/dog_bark_val_027.wav,dog_bark
/mnt/c/workspace/journal/codes/mark4_refactored/data/val/dog_bark_val_028.wav,dog_bark
/mnt/c/workspace/journal/codes/mark4_refactored/data/val/dog_bark_val_029.wav,dog_bark
/mnt/c/workspace/journal/codes/mark4_refactored/data/val/dog_bark_val_030.wav,dog_bark
/mnt/c/workspace/journal/codes/mark4_refactored/data/val/dog_bark_val_031.wav,dog_bark
/mnt/c/workspace/journal/codes/mark4_refactored/data/val/dog_bark_val_032.wav,dog_bark
/mnt/c/workspace/journal/codes/mark4_refactored/data/val/dog_bark_val_033.wav,dog_bark
/mnt/c/workspace/journal/codes/mark4_refactored/data/val/dog_bark_val_034.wav,dog_bark
/mnt/c/workspace/journal/codes/mark4_refactored/data/val/dog_bark_val_035.wav,dog_bark
/mnt/c/workspace/journal/codes/mark4_refactored/data/val/dog_bark_val_036.wav,dog_bark
/mnt/c/workspace/journal/codes/mark4_refactored/data/val/dog_bark_val_037.wav,dog_bark
/mnt/c/workspace/journal/codes/mark4_refactored/data/val/dog_bark_val_038.wav,dog_bark
/mnt/c/workspace/journal/codes/mark4_refactored/data/val/dog_bark_val_039.wav,dog_bark
/mnt/c/workspace/journal/codes/mark4_refactored/data/val/dog_bark_val_040.wav,dog_bark
/mnt/c/workspace/journal/codes/mark4_refactored/data/val/dog_bark_val_041.wav,dog_bark
/mnt/c/workspace/journal/codes/mark4_refactored/data/val/dog_bark_val_042.wav,dog_bark
/mnt/c/workspace/journal/codes/mark4_refactored/data/val/dog_bark_val_043.wav,dog_bark
/mnt/c/workspace/journal/codes/mark4_refactored/data/val/dog_bark_val_044.wav,dog_bark
/mnt/c/workspace/journal/codes/mark4_refactored/data/val/dog_bark_val_045.wav,dog_bark
/mnt/c/workspace/journal/codes/mark4_refactored/data/val/dog_bark_val_046.wav,dog_bark
/mnt/c/workspace/journal/codes/mark4_refactored/data/val/dog_bark_val_047.wav,dog_bark
/mnt/c/workspace/journal/codes/mark4_refactored/data/val/dog_bark_val_048.wav,dog_bark
/mnt/c/workspace/journal/codes/mark4_refactored/data/val/dog_bark_val_049.wav,dog_bark
/mnt/c/workspace/journal/codes/mark4_refactored/data/val/dog_bark_val_050.wav,dog_bark
/mnt/c/workspace/journal/codes/mark4_refactored/data/val/dog_bark_val_051.wav,dog_bark
/mnt/c/workspace/journal/codes/mark4_refactored/data/val/dog_bark_val_052.wav,dog_bark
/mnt/c/workspace/journal/codes/mark4_refactored/data/val/dog_bark_val_053.wav,dog_bark
/mnt/c/workspace/journal/codes/mark4_refactored/data/val/dog_bark_val_054.wav,dog_bark
/mnt/c/workspace/journal/codes/mark4_refactored/data/val/dog_bark_val_055.wav,dog_bark
/mnt/c/workspace/journal/codes/mark4_refactored/data/val/dog_bark_val_056.wav,dog_bark
/mnt/c/workspace/journal/codes/mark4_refactored/data/val/dog_bark_val_057.wav,dog_bark
/mnt/c/workspace/journal/codes/mark4_refactored/data/val/dog_bark_val_058.wav,dog_bark
/mnt/c/workspace/journal/codes/mark4_refactored/data/val/dog_bark_val_059.wav,dog_bark
/mnt/c/workspace/journal/codes/mark4_refactored/data/val/dog_bark_val_060.wav,dog_bark
/mnt/c/workspace/journal/codes/mark4_refactored/data/val/dog_bark_val_061.wav,dog_bark
/mnt/c/workspace/journal/codes/mark4_refactored/data/val/dog_bark_val_062.wav,dog_bark
/mnt/c/workspace/journal/codes/mark4_refactored/data/val/dog_bark_val_063.wav,dog_bark
/mnt/c/workspace/journal/codes/mark4_refactored/data/val/dog_bark_val_064.wav,dog_bark
/mnt/c/workspace/journal/codes/mark4_refactored/data/val/dog_bark_val_065.wav,dog_bark
/mnt/c/workspace/journal/codes/mark4_refactored/data/val/dog_bark_val_066.wav,dog_bark
/mnt/c/workspace/journal/codes/mark4_refactored/data/val/dog_bark_val_067.wav,dog_bark
/mnt/c/workspace/journal/codes/mark4_refactored/data/val/dog_bark_val_068.wav,dog_bark
/mnt/c/workspace/journal/codes/mark4_refactored/data/val/dog_bark_val_069.wav,dog_bark
/mnt/c/workspace/journal/codes/mark4_refactored/data/val/dog_bark_val_070.wav,dog_bark
/mnt/c/workspace/journal/codes/mark4_refactored/data/val/dog_bark_val_071.wav,dog_bark
/mnt/c/workspace/journal/codes/mark4_refactored/data/val/dog_bark_val_072.wav,dog_bark
/mnt/c/workspace/journal/codes/mark4_refactored/data/val/dog_bark_val_073.wav,dog_bark
/mnt/c/workspace/journal/codes/mark4_refactored/data/val/dog_bark_val_074.wav,dog_bark
/mnt/c/workspace/journal/codes/mark4_refactored/data/val/dog_bark_val_075.wav,dog_bark
/mnt/c/workspace/journal/codes/mark4_refactored/data/val/dog_bark_val_076.wav,dog_bark
/mnt/c/workspace/journal/codes/mark4_refactored/data/val/dog_bark_val_077.wav,dog_bark
/mnt/c/workspace/journal/codes/mark4_refactored/data/val/dog_bark_val_078.wav,dog_bark
/mnt/c/workspace/journal/codes/mark4_refactored/data/val/dog_bark_val_079.wav,dog_bark
/mnt/c/workspace/journal/codes/mark4_refactored/data/val/dog_bark_val_080.wav,dog_bark
/mnt/c/workspace/journal/codes/mark4_refactored/data/val/dog_bark_val_081.wav,dog_bark
/mnt/c/workspace/journal/codes/mark4_refactored/data/val/dog_bark_val_082.wav,dog_bark
/mnt/c/workspace/journal/codes/mark4_refactored/data/val/dog_bark_val_083.wav,dog_bark
/mnt/c/workspace/journal/codes/mark4_refactored/data/val/dog_bark_val_084.wav,dog_bark
/mnt/c/workspace/journal/codes/mark4_refactored/data/val/dog_bark_val_085.wav,dog_bark
/mnt/c/workspace/journal/codes/mark4_refactored/data/val/dog_bark_val_086.wav,dog_bark
/mnt/c/workspace/journal/codes/mark4_refactored/data/val/dog_bark_val_087.wav,dog_bark
/mnt/c/workspace/journal/codes/mark4_refactored/data/val/dog_bark_val_088.wav,dog_bark
/mnt/c/workspace/journal/codes/mark4_refactored/data/val/dog_bark_val_089.wav,dog_bark
/mnt/c/workspace/journal/codes/mark4_refactored/data/val/dog_bark_val_090.wav,dog_bark
/mnt/c/workspace/journal/codes/mark4_refactored/data/val/dog_bark_val_091.wav,dog_bark
/mnt/c/workspace/journal/codes/mark4_refactored/data/val/dog_bark_val_092.wav,dog_bark
/mnt/c/workspace/journal/codes/mark4_refactored/data/val/dog_bark_val_093.wav,dog_bark
/mnt/c/workspace/journal/codes/mark4_refactored/data/val/dog_bark_val_094.wav,dog_bark
/mnt/c/workspace/journal/codes/mark4_refactored/data/val/dog_bark_val_095.wav,dog_bark
/mnt/c/workspace/journal/codes/mark4_refactored/data/val/dog_bark_val_096.wav,dog_bark
/mnt/c/workspace/journal/codes/mark4_refactored/data/val/dog_bark_val_097.wav,dog_bark
/mnt/c/workspace/journal/codes/mark4_refactored/data/val/dog_bark_val_098.wav,dog_bark
/mnt/c/workspace/journal/codes/mark4_refactored/data/val/dog_bark_val_099.wav,dog_bark
/mnt/c/workspace/journal/codes/mark4_refactored/data/val/dog_bark_val_100.wav,dog_bark
/mnt/c/workspace/journal/codes/mark4_refactored/data/val/dog_bark_val_101.wav,dog_bark
/mnt/c/workspace/journal/codes/mark4_refactored/data/val/dog_bark_val_102.wav,dog_bark
/mnt/c/workspace/journal/codes/mark4_refactored/data/val/dog_bark_val_103.wav,dog_bark
/mnt/c/workspace/journal/codes/mark4_refactored/data/val/dog_bark_val_104.wav,dog_bark
/mnt/c/workspace/journal/codes/mark4_refactored/data/val/dog_bark_val_105.wav,dog_bark
/mnt/c/workspace/journal/codes/mark4_refactored/data/val/dog_bark_val_106.wav,dog_bark
/mnt/c/workspace/journal/codes/mark4_refactored/data/val/dog_bark_val_107.wav,dog_bark
/mnt/c/workspace/journal/codes/mark4_refactored/data/val/dog_bark_val_108.wav,dog_bark
/mnt/c/workspace/journal/codes/mark4_refactored/data/val/dog_bark_val_109.wav,dog_bark
/mnt/c/workspace/journal/codes/mark4_refactored/data/val/dog_bark_val_110.wav,dog_bark
/mnt/c/workspace/journal/codes/mark4_refactored/data/val/dog_bark_val_111.wav,dog_bark
/mnt/c/workspace/journal/codes/mark4_refactored/data/val/dog_bark_val_112.wav,dog_bark
/mnt/c/workspace/journal/codes/mark4_refactored/data/val/dog_bark_val_113.wav,dog_bark
/mnt/c/workspace/journal/codes/mark4_refactored/data/val/dog_bark_val_114.wav,dog_bark
/mnt/c/workspace/journal/codes/mark4_refactored/data/val/dog_bark_val_115.wav,dog_bark
/mnt/c/workspace/journal/codes/mark4_refactored/data/val/dog_bark_val_116.wav,dog_bark
/mnt/c/workspace/journal/codes/mark4_refactored/data/val/dog_bark_val_117.wav,dog_bark
/mnt/c/workspace/journal/codes/mark4_refactored/data/val/dog_bark_val_118.wav,dog_bark
/mnt/c/workspace/journal/codes/mark4_refactored/data/val/dog_bark_val_119.wav,dog_bark
/mnt/c/workspace/journal/codes/mark4_refactored/data/val/dog_bark_val_120.wav,dog_bark
/mnt/c/workspace/journal/codes/mark4_refactored/data/val/dog_bark_val_121.wav,dog_bark
/mnt/c/workspace/journal/codes/mark4_refactored/data/val/dog_bark_val_122.wav,dog_bark
/mnt/c/workspace/journal/codes/mark4_refactored/data/val/dog_bark_val_123.wav,dog_bark
/mnt/c/workspace/journal/codes/mark4_refactored/data/val/dog_bark_val_124.wav,dog_bark
/mnt/c/workspace/journal/codes/mark4_refactored/data/val/dog_bark_val_125.wav,dog_bark
/mnt/c/workspace/journal/codes/mark4_refactored/data/val/dog_bark_val_126.wav,dog_bark
/mnt/c/workspace/journal/codes/mark4_refactored/data/val/dog_bark_val_127.wav,dog_bark
/mnt/c/workspace/journal/codes/mark4_refactored/data/val/dog_bark_val_128.wav,dog_bark
/mnt/c/workspace/journal/codes/mark4_refactored/data/val/dog_bark_val_129.wav,dog_bark
/mnt/c/workspace/journal/codes/mark4_refactored/data/val/dog_bark_val_130.wav,dog_bark
/mnt/c/workspace/journal/codes/mark4_refactored/data/val/dog_bark_val_131.wav,dog_bark
/mnt/c/workspace/journal/codes/mark4_refactored/data/val/dog_bark_val_132.wav,dog_bark
/mnt/c/workspace/journal/codes/mark4_refactored/data/val/dog_bark_val_133.wav,dog_bark
/mnt/c/workspace/journal/codes/mark4_refactored/data/val/dog_bark_val_134.wav,dog_bark
/mnt/c/workspace/journal/codes/mark4_refactored/data/val/dog_bark_val_135.wav,dog_bark
/mnt/c/workspace/journal/codes/mark4_refactored/data/val/dog_bark_val_136.wav,dog_bark
/mnt/c/workspace/journal/codes/mark4_refactored/data/val/dog_bark_val_137.wav,dog_bark
/mnt/c/workspace/journal/codes/mark4_refactored/data/val/dog_bark_val_138.wav,dog_bark
/mnt/c/workspace/journal/codes/mark4_refactored/data/val/dog_bark_val_139.wav,dog_bark
/mnt/c/workspace/journal/codes/mark4_refactored/data/val/dog_bark_val_140.wav,dog_bark
/mnt/c/workspace/journal/codes/mark4_refactored/data/val/dog_bark_val_141.wav,dog_bark
/mnt/c/workspace/journal/codes/mark4_refactored/data/val/dog_bark_val_142.wav,dog_bark
/mnt/c/workspace/journal/codes/mark4_refactored/data/val/dog_bark_val_143.wav,dog_bark
/mnt/c/workspace/journal/codes/mark4_refactored/data/val/dog_bark_val_144.wav,dog_bark
/mnt/c/workspace/journal/codes/mark4_refactored/data/val/dog_bark_val_145.wav,dog_bark
/mnt/c/workspace/journal/codes/mark4_refactored/data/val/dog_bark_val_146.wav,dog_bark
/mnt/c/workspace/journal/codes/mark4_refactored/data/val/dog_bark_val_147.wav,dog_bark
/mnt/c/workspace/journal/codes/mark4_refactored/data/val/dog_bark_val_148.wav,dog_bark
/mnt/c/workspace/journal/codes/mark4_refactored/data/val/dog_bark_val_149.wav,dog_bark
/mnt/c/workspace/journal/codes/mark4_refactored/data/val/dog_bark_val_150.wav,dog_bark
/mnt/c/workspace/journal/codes/mark4_refactored/data/val/dog_bark_val_151.wav,dog_bark
/mnt/c/workspace/journal/codes/mark4_refactored/data/val/dog_bark_val_152.wav,dog_bark
/mnt/c/workspace/journal/codes/mark4_refactored/data/val/dog_bark_val_153.wav,dog_bark
/mnt/c/workspace/journal/codes/mark4_refactored/data/val/dog_bark_val_154.wav,dog_bark
/mnt/c/workspace/journal/codes/mark4_refactored/data/val/dog_bark_val_155.wav,dog_bark
/mnt/c/workspace/journal/codes/mark4_refactored/data/val/dog_bark_val_156.wav,dog_bark
/mnt/c/workspace/journal/codes/mark4_refactored/data/val/dog_bark_val_157.wav,dog_bark
/mnt/c/workspace/journal/codes/mark4_refactored/data/val/dog_bark_val_158.wav,dog_bark
/mnt/c/workspace/journal/codes/mark4_refactored/data/val/dog_bark_val_159.wav,dog_bark
/mnt/c/workspace/journal/codes/mark4_refactored/data/val/dog_bark_val_160.wav,dog_bark
/mnt/c/workspace/journal/codes/mark4_refactored/data/val/dog_bark_val_161.wav,dog_bark
/mnt/c/workspace/journal/codes/mark4_refactored/data/val/dog_bark_val_162.wav,dog_bark
/mnt/c/workspace/journal/codes/mark4_refactored/data/val/dog_bark_val_163.wav,dog_bark
/mnt/c/workspace/journal/codes/mark4_refactored/data/val/dog_bark_val_164.wav,dog_bark
/mnt/c/workspace/journal/codes/mark4_refactored/data/val/dog_bark_val_165.wav,dog_bark
/mnt/c/workspace/journal/codes/mark4_refactored/data/val/dog_bark_val_166.wav,dog_bark
/mnt/c/workspace/journal/codes/mark4_refactored/data/val/dog_bark_val_167.wav,dog_bark
/mnt/c/workspace/journal/codes/mark4_refactored/data/val/dog_bark_val_168.wav,dog_bark
/mnt/c/workspace/journal/codes/mark4_refactored/data/val/dog_bark_val_169.wav,dog_bark
/mnt/c/workspace/journal/codes/mark4_refactored/data/val/dog_bark_val_170.wav,dog_bark
/mnt/c/workspace/journal/codes/mark4_refactored/data/val/dog_bark_val_171.wav,dog_bark
/mnt/c/workspace/journal/codes/mark4_refactored/data/val/dog_bark_val_172.wav,dog_bark
/mnt/c/workspace/journal/codes/mark4_refactored/data/val/dog_bark_val_173.wav,dog_bark
/mnt/c/workspace/journal/codes/mark4_refactored/data/val/dog_bark_val_174.wav,dog_bark
/mnt/c/workspace/journal/codes/mark4_refactored/data/val/dog_bark_val_175.wav,dog_bark
/mnt/c/workspace/journal/codes/mark4_refactored/data/val/dog_bark_val_176.wav,dog_bark
/mnt/c/workspace/journal/codes/mark4_refactored/data/val/dog_bark_val_177.wav,dog_bark
/mnt/c/workspace/journal/codes/mark4_refactored/data/val/dog_bark_val_178.wav,dog_bark
/mnt/c/workspace/journal/codes/mark4_refactored/data/val/dog_bark_val_179.wav,dog_bark
/mnt/c/workspace/journal/codes/mark4_refactored/data/val/dog_bark_val_180.wav,dog_bark
/mnt/c/workspace/journal/codes/mark4_refactored/data/val/dog_bark_val_181.wav,dog_bark
/mnt/c/workspace/journal/codes/mark4_refactored/data/val/dog_bark_val_182.wav,dog_bark
/mnt/c/workspace/journal/codes/mark4_refactored/data/val/dog_bark_val_183.wav,dog_bark
/mnt/c/workspace/journal/codes/mark4_refactored/data/val/dog_bark_val_184.wav,dog_bark
/mnt/c/workspace/journal/codes/mark4_refactored/data/val/dog_bark_val_185.wav,dog_bark
/mnt/c/workspace/journal/codes/mark4_refactored/data/val/dog_bark_val_186.wav,dog_bark
/mnt/c/workspace/journal/codes/mark4_refactored/data/val/dog_bark_val_187.wav,dog_bark
/mnt/c/workspace/journal/codes/mark4_refactored/data/val/dog_bark_val_188.wav,dog_bark
/mnt/c/workspace/journal/codes/mark4_refactored/data/val/dog_bark_val_189.wav,dog_bark
/mnt/c/workspace/journal/codes/mark4_refactored/data/val/dog_bark_val_190.wav,dog_bark
/mnt/c/workspace/journal/codes/mark4_refactored/data/val/dog_bark_val_191.wav,dog_bark
/mnt/c/workspace/journal/codes/mark4_refactored/data/val/dog_bark_val_192.wav,dog_bark
/mnt/c/workspace/journal/codes/mark4_refactored/data/val/dog_bark_val_193.wav,dog_bark
/mnt/c/workspace/journal/codes/mark4_refactored/data/val/dog_bark_val_194.wav,dog_bark
/mnt/c/workspace/journal/codes/mark4_refactored/data/val/dog_bark_val_195.wav,dog_bark
/mnt/c/workspace/journal/codes/mark4_refactored/data/val/dog_bark_val_196.wav,dog_bark
/mnt/c/workspace/journal/codes/mark4_refactored/data/val/dog_bark_val_197.wav,dog_bark
/mnt/c/workspace/journal/codes/mark4_refactored/data/val/dog_bark_val_198.wav,dog_bark
/mnt/c/workspace/journal/codes/mark4_refactored/data/val/dog_bark_val_199.wav,dog_bark
/mnt/c/workspace/journal/codes/mark4_refactored/data/val/dog_bark_val_200.wav,dog_bark
/mnt/c/workspace/journal/codes/mark4_refactored/data/val/dog_bark_val_201.wav,dog_bark
/mnt/c/workspace/journal/codes/mark4_refactored/data/val/dog_bark_val_202.wav,dog_bark
/mnt/c/workspace/journal/codes/mark4_refactored/data/val/dog_bark_val_203.wav,dog_bark
/mnt/c/workspace/journal/codes/mark4_refactored/data/val/dog_bark_val_204.wav,dog_bark
/mnt/c/workspace/journal/codes/mark4_refactored/data/val/dog_bark_val_205.wav,dog_bark
/mnt/c/workspace/journal/codes/mark4_refactored/data/val/dog_bark_val_206.wav,dog_bark
/mnt/c/workspace/journal/codes/mark4_refactored/data/val/dog_bark_val_207.wav,dog_bark
/mnt/c/workspace/journal/codes/mark4_refactored/data/val/dog_bark_val_208.wav,dog_bark
/mnt/c/workspace/journal/codes/mark4_refactored/data/val/dog_bark_val_209.wav,dog_bark
/mnt/c/workspace/journal/codes/mark4_refactored/data/val/dog_bark_val_210.wav,dog_bark
/mnt/c/workspace/journal/codes/mark4_refactored/data/val/dog_bark_val_211.wav,dog_bark
/mnt/c/workspace/journal/codes/mark4_refactored/data/val/dog_bark_val_212.wav,dog_bark
/mnt/c/workspace/journal/codes/mark4_refactored/data/val/dog_bark_val_213.wav,dog_bark
/mnt/c/workspace/journal/codes/mark4_refactored/data/val/dog_bark_val_214.wav,dog_bark
/mnt/c/workspace/journal/codes/mark4_refactored/data/val/dog_bark_val_215.wav,dog_bark
/mnt/c/workspace/journal/codes/mark4_refactored/data/val/others_val_001.wav,others
/mnt/c/workspace/journal/codes/mark4_refactored/data/val/others_val_002.wav,others
/mnt/c/workspace/journal/codes/mark4_refactored/data/val/others_val_003.wav,others
/mnt/c/workspace/journal/codes/mark4_refactored/data/val/others_val_004.wav,others
/mnt/c/workspace/journal/codes/mark4_refactored/data/val/others_val_005.wav,others
/mnt/c/workspace/journal/codes/mark4_refactored/data/val/others_val_006.wav,others
/mnt/c/workspace/journal/codes/mark4_refactored/data/val/others_val_007.wav,others
/mnt/c/workspace/journal/codes/mark4_refactored/data/val/others_val_008.wav,others
/mnt/c/workspace/journal/codes/mark4_refactored/data/val/others_val_009.wav,others
/mnt/c/workspace/journal/codes/mark4_refactored/data/val/others_val_010.wav,others
/mnt/c/workspace/journal/codes/mark4_refactored/data/val/others_val_011.wav,others
/mnt/c/workspace/journal/codes/mark4_refactored/data/val/others_val_012.wav,others
/mnt/c/workspace/journal/codes/mark4_refactored/data/val/others_val_013.wav,others
/mnt/c/workspace/journal/codes/mark4_refactored/data/val/others_val_014.wav,others
/mnt/c/workspace/journal/codes/mark4_refactored/data/val/others_val_015.wav,others
/mnt/c/workspace/journal/codes/mark4_refactored/data/val/others_val_016.wav,others
/mnt/c/workspace/journal/codes/mark4_refactored/data/val/others_val_017.wav,others
/mnt/c/workspace/journal/codes/mark4_refactored/data/val/others_val_018.wav,others
/mnt/c/workspace/journal/codes/mark4_refactored/data/val/others_val_019.wav,others
/mnt/c/workspace/journal/codes/mark4_refactored/data/val/others_val_020.wav,others
/mnt/c/workspace/journal/codes/mark4_refactored/data/val/others_val_021.wav,others
/mnt/c/workspace/journal/codes/mark4_refactored/data/val/others_val_022.wav,others
/mnt/c/workspace/journal/codes/mark4_refactored/data/val/others_val_023.wav,others
/mnt/c/workspace/journal/codes/mark4_refactored/data/val/others_val_024.wav,others
/mnt/c/workspace/journal/codes/mark4_refactored/data/val/others_val_025.wav,others
/mnt/c/workspace/journal/codes/mark4_refactored/data/val/others_val_026.wav,others
/mnt/c/workspace/journal/codes/mark4_refactored/data/val/others_val_027.wav,others
/mnt/c/workspace/journal/codes/mark4_refactored/data/val/others_val_028.wav,others
/mnt/c/workspace/journal/codes/mark4_refactored/data/val/others_val_029.wav,others
/mnt/c/workspace/journal/codes/mark4_refactored/data/val/others_val_030.wav,others
/mnt/c/workspace/journal/codes/mark4_refactored/data/val/others_val_031.wav,others
/mnt/c/workspace/journal/codes/mark4_refactored/data/val/others_val_032.wav,others
/mnt/c/workspace/journal/codes/mark4_refactored/data/val/others_val_033.wav,others
/mnt/c/workspace/journal/codes/mark4_refactored/data/val/others_val_034.wav,others
/mnt/c/workspace/journal/codes/mark4_refactored/data/val/others_val_035.wav,others
/mnt/c/workspace/journal/codes/mark4_refactored/data/val/others_val_036.wav,others
/mnt/c/workspace/journal/codes/mark4_refactored/data/val/others_val_037.wav,others
/mnt/c/workspace/journal/codes/mark4_refactored/data/val/others_val_038.wav,others
/mnt/c/workspace/journal/codes/mark4_refactored/data/val/others_val_039.wav,others
/mnt/c/workspace/journal/codes/mark4_refactored/data/val/others_val_040.wav,others
/mnt/c/workspace/journal/codes/mark4_refactored/data/val/others_val_041.wav,others
/mnt/c/workspace/journal/codes/mark4_refactored/data/val/others_val_042.wav,others
/mnt/c/workspace/journal/codes/mark4_refactored/data/val/others_val_043.wav,others
/mnt/c/workspace/journal/codes/mark4_refactored/data/val/others_val_044.wav,others
/mnt/c/workspace/journal/codes/mark4_refactored/data/val/others_val_045.wav,others
/mnt/c/workspace/journal/codes/mark4_refactored/data/val/others_val_046.wav,others
/mnt/c/workspace/journal/codes/mark4_refactored/data/val/others_val_047.wav,others
/mnt/c/workspace/journal/codes/mark4_refactored/data/val/others_val_048.wav,others
/mnt/c/workspace/journal/codes/mark4_refactored/data/val/others_val_049.wav,others
/mnt/c/workspace/journal/codes/mark4_refactored/data/val/others_val_050.wav,others
/mnt/c/workspace/journal/codes/mark4_refactored/data/val/others_val_051.wav,others
/mnt/c/workspace/journal/codes/mark4_refactored/data/val/others_val_052.wav,others
/mnt/c/workspace/journal/codes/mark4_refactored/data/val/others_val_053.wav,others
/mnt/c/workspace/journal/codes/mark4_refactored/data/val/others_val_054.wav,others
/mnt/c/workspace/journal/codes/mark4_refactored/data/val/others_val_055.wav,others
/mnt/c/workspace/journal/codes/mark4_refactored/data/val/others_val_056.wav,others
/mnt/c/workspace/journal/codes/mark4_refactored/data/val/others_val_057.wav,others
/mnt/c/workspace/journal/codes/mark4_refactored/data/val/others_val_058.wav,others
/mnt/c/workspace/journal/codes/mark4_refactored/data/val/others_val_059.wav,others
/mnt/c/workspace/journal/codes/mark4_refactored/data/val/others_val_060.wav,others
/mnt/c/workspace/journal/codes/mark4_refactored/data/val/others_val_061.wav,others
/mnt/c/workspace/journal/codes/mark4_refactored/data/val/others_val_062.wav,others
/mnt/c/workspace/journal/codes/mark4_refactored/data/val/others_val_063.wav,others
/mnt/c/workspace/journal/codes/mark4_refactored/data/val/others_val_064.wav,others
/mnt/c/workspace/journal/codes/mark4_refactored/data/val/others_val_065.wav,others
/mnt/c/workspace/journal/codes/mark4_refactored/data/val/others_val_066.wav,others
/mnt/c/workspace/journal/codes/mark4_refactored/data/val/others_val_067.wav,others
/mnt/c/workspace/journal/codes/mark4_refactored/data/val/others_val_068.wav,others
/mnt/c/workspace/journal/codes/mark4_refactored/data/val/others_val_069.wav,others
/mnt/c/workspace/journal/codes/mark4_refactored/data/val/others_val_070.wav,others
/mnt/c/workspace/journal/codes/mark4_refactored/data/val/others_val_071.wav,others
/mnt/c/workspace/journal/codes/mark4_refactored/data/val/others_val_072.wav,others
/mnt/c/workspace/journal/codes/mark4_refactored/data/val/others_val_073.wav,others
/mnt/c/workspace/journal/codes/mark4_refactored/data/val/others_val_074.wav,others
/mnt/c/workspace/journal/codes/mark4_refactored/data/val/others_val_075.wav,others
/mnt/c/workspace/journal/codes/mark4_refactored/data/val/others_val_076.wav,others
/mnt/c/workspace/journal/codes/mark4_refactored/data/val/others_val_077.wav,others
/mnt/c/workspace/journal/codes/mark4_refactored/data/val/others_val_078.wav,others
/mnt/c/workspace/journal/codes/mark4_refactored/data/val/others_val_079.wav,others
/mnt/c/workspace/journal/codes/mark4_refactored/data/val/others_val_080.wav,others
/mnt/c/workspace/journal/codes/mark4_refactored/data/val/others_val_081.wav,others
/mnt/c/workspace/journal/codes/mark4_refactored/data/val/others_val_082.wav,others
/mnt/c/workspace/journal/codes/mark4_refactored/data/val/others_val_083.wav,others
/mnt/c/workspace/journal/codes/mark4_refactored/data/val/others_val_084.wav,others
/mnt/c/workspace/journal/codes/mark4_refactored/data/val/others_val_085.wav,others
/mnt/c/workspace/journal/codes/mark4_refactored/data/val/others_val_086.wav,others
/mnt/c/workspace/journal/codes/mark4_refactored/data/val/others_val_087.wav,others
/mnt/c/workspace/journal/codes/mark4_refactored/data/val/others_val_088.wav,others
/mnt/c/workspace/journal/codes/mark4_refactored/data/val/others_val_089.wav,others
/mnt/c/workspace/journal/codes/mark4_refactored/data/val/others_val_090.wav,others
/mnt/c/workspace/journal/codes/mark4_refactored/data/val/others_val_091.wav,others
/mnt/c/workspace/journal/codes/mark4_refactored/data/val/others_val_092.wav,others
/mnt/c/workspace/journal/codes/mark4_refactored/data/val/others_val_093.wav,others
/mnt/c/workspace/journal/codes/mark4_refactored/data/val/others_val_094.wav,others
/mnt/c/workspace/journal/codes/mark4_refactored/data/val/others_val_095.wav,others
/mnt/c/workspace/journal/codes/mark4_refactored/data/val/others_val_096.wav,others
/mnt/c/workspace/journal/codes/mark4_refactored/data/val/others_val_097.wav,others
/mnt/c/workspace/journal/codes/mark4_refactored/data/val/others_val_098.wav,others
/mnt/c/workspace/journal/codes/mark4_refactored/data/val/others_val_099.wav,others
/mnt/c/workspace/journal/codes/mark4_refactored/data/val/others_val_100.wav,others
/mnt/c/workspace/journal/codes/mark4_refactored/data/val/others_val_101.wav,others
/mnt/c/workspace/journal/codes/mark4_refactored/data/val/others_val_102.wav,others
/mnt/c/workspace/journal/codes/mark4_refactored/data/val/others_val_103.wav,others
/mnt/c/workspace/journal/codes/mark4_refactored/data/val/others_val_104.wav,others
/mnt/c/workspace/journal/codes/mark4_refactored/data/val/others_val_105.wav,others
/mnt/c/workspace/journal/codes/mark4_refactored/data/val/others_val_106.wav,others
/mnt/c/workspace/journal/codes/mark4_refactored/data/val/others_val_107.wav,others
/mnt/c/workspace/journal/codes/mark4_refactored/data/val/others_val_108.wav,others
/mnt/c/workspace/journal/codes/mark4_refactored/data/val/others_val_109.wav,others
/mnt/c/workspace/journal/codes/mark4_refactored/data/val/others_val_110.wav,others
/mnt/c/workspace/journal/codes/mark4_refactored/data/val/others_val_111.wav,others
/mnt/c/workspace/journal/codes/mark4_refactored/data/val/others_val_112.wav,others
/mnt/c/workspace/journal/codes/mark4_refactored/data/val/others_val_113.wav,others
/mnt/c/workspace/journal/codes/mark4_refactored/data/val/others_val_114.wav,others
/mnt/c/workspace/journal/codes/mark4_refactored/data/val/others_val_115.wav,others
/mnt/c/workspace/journal/codes/mark4_refactored/data/val/others_val_116.wav,others
/mnt/c/workspace/journal/codes/mark4_refactored/data/val/others_val_117.wav,others
/mnt/c/workspace/journal/codes/mark4_refactored/data/val/others_val_118.wav,others
/mnt/c/workspace/journal/codes/mark4_refactored/data/val/others_val_119.wav,others
/mnt/c/workspace/journal/codes/mark4_refactored/data/val/others_val_120.wav,others
/mnt/c/workspace/journal/codes/mark4_refactored/data/val/others_val_121.wav,others
/mnt/c/workspace/journal/codes/mark4_refactored/data/val/others_val_122.wav,others
/mnt/c/workspace/journal/codes/mark4_refactored/data/val/others_val_123.wav,others
/mnt/c/workspace/journal/codes/mark4_refactored/data/val/others_val_124.wav,others
/mnt/c/workspace/journal/codes/mark4_refactored/data/val/others_val_125.wav,others
/mnt/c/workspace/journal/codes/mark4_refactored/data/val/others_val_126.wav,others
/mnt/c/workspace/journal/codes/mark4_refactored/data/val/others_val_127.wav,others
/mnt/c/workspace/journal/codes/mark4_refactored/data/val/others_val_128.wav,others
/mnt/c/workspace/journal/codes/mark4_refactored/data/val/others_val_129.wav,others
/mnt/c/workspace/journal/codes/mark4_refactored/data/val/others_val_130.wav,others
/mnt/c/workspace/journal/codes/mark4_refactored/data/val/others_val_131.wav,others
/mnt/c/workspace/journal/codes/mark4_refactored/data/val/others_val_132.wav,others
/mnt/c/workspace/journal/codes/mark4_refactored/data/val/others_val_133.wav,others
/mnt/c/workspace/journal/codes/mark4_refactored/data/val/others_val_134.wav,others
/mnt/c/workspace/journal/codes/mark4_refactored/data/val/others_val_135.wav,others
/mnt/c/workspace/journal/codes/mark4_refactored/data/val/others_val_136.wav,others
/mnt/c/workspace/journal/codes/mark4_refactored/data/val/others_val_137.wav,others
/mnt/c/workspace/journal/codes/mark4_refactored/data/val/others_val_138.wav,others
/mnt/c/workspace/journal/codes/mark4_refactored/data/val/others_val_139.wav,others
/mnt/c/workspace/journal/codes/mark4_refactored/data/val/others_val_140.wav,others
/mnt/c/workspace/journal/codes/mark4_refactored/data/val/others_val_141.wav,others
/mnt/c/workspace/journal/codes/mark4_refactored/data/val/others_val_142.wav,others
/mnt/c/workspace/journal/codes/mark4_refactored/data/val/others_val_143.wav,others
/mnt/c/workspace/journal/codes/mark4_refactored/data/val/others_val_144.wav,others
/mnt/c/workspace/journal/codes/mark4_refactored/data/val/others_val_145.wav,others
/mnt/c/workspace/journal/codes/mark4_refactored/data/val/others_val_146.wav,others
/mnt/c/workspace/journal/codes/mark4_refactored/data/val/others_val_147.wav,others
/mnt/c/workspace/journal/codes/mark4_refactored/data/val/others_val_148.wav,others
/mnt/c/workspace/journal/codes/mark4_refactored/data/val/others_val_149.wav,others
/mnt/c/workspace/journal/codes/mark4_refactored/data/val/others_val_150.wav,others
/mnt/c/workspace/journal/codes/mark4_refactored/data/val/others_val_151.wav,others
/mnt/c/workspace/journal/codes/mark4_refactored/data/val/others_val_152.wav,others
/mnt/c/workspace/journal/codes/mark4_refactored/data/val/others_val_153.wav,others
/mnt/c/workspace/journal/codes/mark4_refactored/data/val/others_val_154.wav,others
/mnt/c/workspace/journal/codes/mark4_refactored/data/val/others_val_155.wav,others
/mnt/c/workspace/journal/codes/mark4_refactored/data/val/others_val_156.wav,others
/mnt/c/workspace/journal/codes/mark4_refactored/data/val/others_val_157.wav,others
/mnt/c/workspace/journal/codes/mark4_refactored/data/val/others_val_158.wav,others
/mnt/c/workspace/journal/codes/mark4_refactored/data/val/others_val_159.wav,others
/mnt/c/workspace/journal/codes/mark4_refactored/data/val/others_val_160.wav,others
/mnt/c/workspace/journal/codes/mark4_refactored/data/val/others_val_161.wav,others
/mnt/c/workspace/journal/codes/mark4_refactored/data/val/others_val_162.wav,others
/mnt/c/workspace/journal/codes/mark4_refactored/data/val/others_val_163.wav,others
/mnt/c/workspace/journal/codes/mark4_refactored/data/val/others_val_164.wav,others
/mnt/c/workspace/journal/codes/mark4_refactored/data/val/others_val_165.wav,others
/mnt/c/workspace/journal/codes/mark4_refactored/data/val/others_val_166.wav,others
/mnt/c/workspace/journal/codes/mark4_refactored/data/val/others_val_167.wav,others
/mnt/c/workspace/journal/codes/mark4_refactored/data/val/others_val_168.wav,others
/mnt/c/workspace/journal/codes/mark4_refactored/data/val/others_val_169.wav,others
/mnt/c/workspace/journal/codes/mark4_refactored/data/val/others_val_170.wav,others
/mnt/c/workspace/journal/codes/mark4_refactored/data/val/others_val_171.wav,others
/mnt/c/workspace/journal/codes/mark4_refactored/data/val/others_val_172.wav,others
/mnt/c/workspace/journal/codes/mark4_refactored/data/val/others_val_173.wav,others
/mnt/c/workspace/journal/codes/mark4_refactored/data/val/others_val_174.wav,others
/mnt/c/workspace/journal/codes/mark4_refactored/data/val/others_val_175.wav,others
/mnt/c/workspace/journal/codes/mark4_refactored/data/val/others_val_176.wav,others
/mnt/c/workspace/journal/codes/mark4_refactored/data/val/others_val_177.wav,others
/mnt/c/workspace/journal/codes/mark4_refactored/data/val/others_val_178.wav,others
/mnt/c/workspace/journal/codes/mark4_refactored/data/val/others_val_179.wav,others
/mnt/c/workspace/journal/codes/mark4_refactored/data/val/others_val_180.wav,others
/mnt/c/workspace/journal/codes/mark4_refactored/data/val/others_val_181.wav,others
/mnt/c/workspace/journal/codes/mark4_refactored/data/val/others_val_182.wav,others
/mnt/c/workspace/journal/codes/mark4_refactored/data/val/others_val_183.wav,others
/mnt/c/workspace/journal/codes/mark4_refactored/data/val/others_val_184.wav,others
/mnt/c/workspace/journal/codes/mark4_refactored/data/val/others_val_185.wav,others
/mnt/c/workspace/journal/codes/mark4_refactored/data/val/others_val_186.wav,others
/mnt/c/workspace/journal/codes/mark4_refactored/data/val/others_val_187.wav,others
/mnt/c/workspace/journal/codes/mark4_refactored/data/val/others_val_188.wav,others
/mnt/c/workspace/journal/codes/mark4_refactored/data/val/others_val_189.wav,others
/mnt/c/workspace/journal/codes/mark4_refactored/data/val/others_val_190.wav,others
/mnt/c/workspace/journal/codes/mark4_refactored/data/val/others_val_191.wav,others
/mnt/c/workspace/journal/codes/mark4_refactored/data/val/others_val_192.wav,others
/mnt/c/workspace/journal/codes/mark4_refactored/data/val/others_val_193.wav,others
/mnt/c/workspace/journal/codes/mark4_refactored/data/val/others_val_194.wav,others
/mnt/c/workspace/journal/codes/mark4_refactored/data/val/others_val_195.wav,others
/mnt/c/workspace/journal/codes/mark4_refactored/data/val/others_val_196.wav,others
/mnt/c/workspace/journal/codes/mark4_refactored/data/val/others_val_197.wav,others
/mnt/c/workspace/journal/codes/mark4_refactored/data/val/others_val_198.wav,others
/mnt/c/workspace/journal/codes/mark4_refactored/data/val/others_val_199.wav,others
/mnt/c/workspace/journal/codes/mark4_refactored/data/val/others_val_200.wav,others
/mnt/c/workspace/journal/codes/mark4_refactored/data/val/others_val_201.wav,others
/mnt/c/workspace/journal/codes/mark4_refactored/data/val/others_val_202.wav,others
/mnt/c/workspace/journal/codes/mark4_refactored/data/val/others_val_203.wav,others
/mnt/c/workspace/journal/codes/mark4_refactored/data/val/others_val_204.wav,others
/mnt/c/workspace/journal/codes/mark4_refactored/data/val/others_val_205.wav,others
/mnt/c/workspace/journal/codes/mark4_refactored/data/val/others_val_206.wav,others
/mnt/c/workspace/journal/codes/mark4_refactored/data/val/others_val_207.wav,others
/mnt/c/workspace/journal/codes/mark4_refactored/data/val/others_val_208.wav,others
/mnt/c/workspace/journal/codes/mark4_refactored/data/val/others_val_209.wav,others
/mnt/c/workspace/journal/codes/mark4_refactored/data/val/others_val_210.wav,others
/mnt/c/workspace/journal/codes/mark4_refactored/data/val/others_val_211.wav,others
/mnt/c/workspace/journal/codes/mark4_refactored/data/val/others_val_212.wav,others
/mnt/c/workspace/journal/codes/mark4_refactored/data/val/others_val_213.wav,others
/mnt/c/workspace/journal/codes/mark4_refactored/data/val/others_val_214.wav,others
/mnt/c/workspace/journal/codes/mark4_refactored/data/val/others_val_215.wav,others
